Year,D1,D2,D3,D4,D5,D6,D7,D8,D9,D10,D11,D12,D13,D14,D15,D16,Total_Debris,Category
1957.0,0,0,0,0,0,0,0.0,0.0,0.0,0.0,0.0,0.0,0.0,0.0,0.0,0.0,0.0,Hazardous
1957.09,0,0,0,0,0,0,0.0,0.0,0.0,0.0,0.0,0.0,0.0,0.0,0.0,0.0,0.0,Hazardous
1957.16,0,0,0,0,0,0,0.0,0.0,0.0,0.0,0.0,0.0,0.0,0.0,0.0,0.0,0.0,Hazardous
1957.25,0,0,0,0,0,0,0.0,0.0,0.0,0.0,0.0,0.0,0.0,0.0,0.0,0.0,0.0,Hazardous
1957.33,0,0,0,0,0,0,0.0,0.0,0.0,0.0,0.0,0.0,0.0,0.0,0.0,0.0,0.0,Hazardous
1957.42,0,0,0,0,0,0,0.0,0.0,0.0,0.0,0.0,0.0,0.0,0.0,0.0,0.0,0.0,Hazardous
1957.5,0,0,0,0,0,0,0.0,0.0,0.0,0.0,0.0,0.0,0.0,0.0,0.0,0.0,0.0,Hazardous
1957.58,0,0,0,0,0,0,0.0,0.0,0.0,0.0,0.0,0.0,0.0,0.0,0.0,0.0,0.0,Hazardous
1957.67,0,0,0,0,0,0,0.0,0.0,0.0,0.0,0.0,0.0,0.0,0.0,0.0,0.0,0.0,Hazardous
1957.75,1,1,0,0,0,2,83.6,6465.0,0.0,0.0,6548.6,0.0836,6.465,0.0,0.0,6.5486,13114.2972,Hazardous
1957.84,2,1,0,0,0,3,6583.6,6465.0,0.0,0.0,13048.6,6.583600000000001,6.465,0.0,0.0,13.0486,26129.2972,Hazardous
1957.92,2,1,0,0,0,3,6583.6,6465.0,0.0,0.0,13048.6,6.583600000000001,6.465,0.0,0.0,13.0486,26129.2972,Hazardous
1958.0,2,0,0,0,0,2,6583.6,0.0,0.0,0.0,6583.6,6.583600000000001,0.0,0.0,0.0,6.583600000000001,13184.3672,Hazardous
1958.09,2,0,0,0,0,2,6514.0,0.0,0.0,0.0,6514.0,6.514,0.0,0.0,0.0,6.514,13045.027999999998,Hazardous
1958.16,4,1,1,0,0,6,6529.4,26.032,0.1,0.0,6555.532,6.5294,0.026032,0.0001,0.0,6.555532,13136.175064,Hazardous
1958.25,4,1,1,0,0,6,6529.4,26.032,0.1,0.0,6555.532,6.5294,0.026032,0.0001,0.0,6.555532,13136.175064,Hazardous
1958.33,4,2,1,0,0,7,1356.4,6491.0,0.1,0.0,7847.5,1.3564,6.491,0.0001,0.0,7.8475,15724.695,Hazardous
1958.42,4,2,1,0,0,7,1356.4,6491.0,0.1,0.0,7847.5,1.3564,6.491,0.0001,0.0,7.8475,15724.695,Hazardous
1958.5,4,2,1,0,0,7,1359.9,6491.0,0.1,0.0,7851.0,1.3599,6.491,0.0001,0.0,7.851,15731.702,Hazardous
1958.58,4,2,1,0,0,7,1359.9,6491.0,0.1,0.0,7851.0,1.3599,6.491,0.0001,0.0,7.851,15731.702,Hazardous
1958.67,4,2,1,0,0,7,1359.9,6491.0,0.1,0.0,7851.0,1.3599,6.491,0.0001,0.0,7.851,15731.702,Hazardous
1958.75,4,2,1,0,0,7,1359.9,6491.0,0.1,0.0,7851.0,1.3599,6.491,0.0001,0.0,7.851,15731.702,Hazardous
1958.84,4,2,1,0,0,7,1359.9,6491.0,0.1,0.0,7851.0,1.3599,6.491,0.0001,0.0,7.851,15731.702,Hazardous
1958.92,5,2,1,0,0,8,5259.9,6491.0,0.1,0.0,11751.0,5.2599,6.491,0.0001,0.0,11.751,23541.502000000004,Hazardous
1959.0,5,1,1,0,0,7,5259.9,26.032,0.1,0.0,5286.032,5.2599,0.026032,0.0001,0.0,5.2860320000000005,10596.636063999998,Hazardous
1959.09,6,2,4,0,0,12,2230.7,45.032,0.3,0.0,2276.032,2.2306999999999997,0.045031999999999996,0.0003,0.0,2.2760320000000003,4580.616064,Hazardous
1959.16,6,2,4,0,0,12,2230.7,45.032,0.3,0.0,2276.032,2.2306999999999997,0.045031999999999996,0.0003,0.0,2.2760320000000003,4580.616064,Hazardous
1959.25,6,2,4,0,0,12,2230.7,45.032,0.3,0.0,2276.032,2.2306999999999997,0.045031999999999996,0.0003,0.0,2.2760320000000003,4580.616064,Hazardous
1959.33,5,2,4,0,0,11,1369.7,45.032,0.3,0.0,1415.032,1.3697000000000001,0.045031999999999996,0.0003,0.0,1.4150319999999998,2854.894064,Hazardous
1959.42,5,2,4,0,0,11,1369.7,45.032,0.3,0.0,1415.032,1.3697000000000001,0.045031999999999996,0.0003,0.0,1.4150319999999998,2854.894064,Hazardous
1959.5,5,2,4,0,0,11,1369.7,45.032,0.3,0.0,1415.032,1.3697000000000001,0.045031999999999996,0.0003,0.0,1.4150319999999998,2854.894064,Hazardous
1959.58,9,3,4,0,0,16,3155.8,71.064,0.3,0.0,3227.164,3.1558,0.07106399999999999,0.0003,0.0,3.227164,6492.782328,Hazardous
1959.67,10,3,4,0,0,17,3200.8,71.064,0.3,0.0,3272.164,3.2008,0.07106399999999999,0.0003,0.0,3.272164,6584.8723279999995,Hazardous
1959.75,11,4,4,0,0,19,2659.8,85.094,0.3,0.0,2745.1940000000004,2.6598,0.08509399999999999,0.0003,0.0,2.7451940000000006,5533.878388000001,Hazardous
1959.84,11,4,4,0,0,19,3503.3,85.094,0.3,0.0,3588.6940000000004,3.5033000000000003,0.08509399999999999,0.0003,0.0,3.5886940000000003,7222.565388000001,Hazardous
1959.92,10,4,4,0,0,18,2642.3,85.094,0.3,0.0,2727.6940000000004,2.6423,0.08509399999999999,0.0003,0.0,2.7276940000000005,5496.843388000001,Hazardous
1960.0,10,4,4,0,0,18,2642.3,85.094,0.3,0.0,2727.6940000000004,2.6423,0.08509399999999999,0.0003,0.0,2.7276940000000005,5496.843388000001,Hazardous
1960.09,10,4,4,0,0,18,2642.3,85.094,0.3,0.0,2727.6940000000004,2.6423,0.08509399999999999,0.0003,0.0,2.7276940000000005,5496.843388000001,Hazardous
1960.17,10,4,4,0,0,18,2642.3,85.094,0.3,0.0,2727.6940000000004,2.6423,0.08509399999999999,0.0003,0.0,2.7276940000000005,5496.843388000001,Hazardous
1960.25,12,6,8,0,0,26,2883.3,898.43,0.7,0.0,3782.43,2.8833,0.89843,0.0007,0.0,3.7824299999999997,7624.42486,Hazardous
1960.33,12,7,15,0,0,34,5817.8,2338.4,1.4,0.0,8157.6,5.8178,2.3384,0.0014,0.0,8.1576,16399.5152,Hazardous
1960.42,14,8,17,0,0,39,5937.8,3125.7,1.6,0.0,9065.1,5.9378,3.1256999999999997,0.0016,0.0,9.065100000000001,18226.3302,Hazardous
1960.5,14,8,17,0,0,39,5937.8,3125.7,1.6,0.0,9065.1,5.9378,3.1256999999999997,0.0016,0.0,9.065100000000001,18226.3302,Hazardous
1960.58,18,9,19,0,0,46,12336.0,3151.8,1.8,0.0,15489.599999999999,12.336,3.1518,0.0018,0.0,15.4896,31102.179199999995,Hazardous
1960.67,18,9,18,0,0,45,8596.7,3151.8,1.7,0.0,11750.2,8.5967,3.1518,0.0017,0.0,11.750200000000001,23613.9004,Hazardous
1960.75,18,9,15,0,0,42,7965.7,2499.1,1.4,0.0,10466.199999999999,7.9657,2.4991,0.0014,0.0,10.466199999999999,21037.3324,Hazardous
1960.84,20,11,19,0,0,50,8422.7,2539.1,1.8,0.0,10963.6,8.4227,2.5391,0.0018,0.0,10.9636,22049.1272,Hazardous
1960.92,22,12,19,0,0,53,14419.0,3979.1,1.8,0.0,18399.899999999998,14.419,3.9791,0.0018,0.0,18.3999,36942.59979999999,Hazardous
1961.0,21,12,18,0,0,51,8908.7,3406.1,1.7,0.0,12316.500000000002,8.908700000000001,3.4061,0.0017,0.0,12.316500000000001,24759.633000000005,Hazardous
1961.09,26,15,29,0,0,70,17789.0,8142.2,2.8,0.0,25934.0,17.789,8.142199999999999,0.0028,0.0,25.934,52059.868,Hazardous
1961.16,26,14,32,0,0,72,20092.0,4872.2,1443.0,0.0,26407.2,20.092,4.872199999999999,1.443,0.0,26.4072,53011.2144,Hazardous
1961.25,27,14,29,0,0,70,16006.0,4872.2,2.8,0.0,20881.0,16.006,4.872199999999999,0.0028,0.0,20.881,41943.762,Hazardous
1961.33,25,13,27,0,0,65,10134.0,3432.2,2.6,0.0,13568.800000000001,10.134,3.4322,0.0026,0.0,13.568800000000001,27294.7376,Hazardous
1961.42,28,13,28,317,0,386,11385.0,3432.2,2.7,787.3,15607.2,11.385,3.4322,0.0027,0.7873,15.6072,32017.6144,Hazardous
1961.5,29,13,32,317,0,391,13709.0,3432.2,3.1,787.3,17931.6,13.709,3.4322,0.0031,0.7873,17.9316,36681.06320000001,Hazardous
1961.58,33,15,31,317,0,396,18869.0,5739.2,3.0,787.3,25398.5,18.869,5.739199999999999,0.003,0.7873,25.3985,51639.797000000006,Hazardous
1961.67,33,14,33,317,0,397,17241.0,5858.9,3.2,787.3,23890.4,17.241,5.858899999999999,0.0032,0.7873,23.890400000000003,48622.5808,Hazardous
1961.75,33,12,44,317,0,406,17188.0,2644.9,12.912,787.3,20633.112,17.188,2.6449000000000003,0.012912000000000002,0.7873,20.633112,42119.49022400001,Hazardous
1961.84,38,14,48,317,0,417,20697.0,5779.2,13.312,787.3,27276.812,20.697,5.7791999999999994,0.013312,0.7873,27.276812000000003,55442.177624,Hazardous
1961.92,39,14,46,317,0,416,19682.0,4299.2,1813.0,787.3,26581.5,19.682,4.2992,1.813,0.7873,26.5815,54048.16300000001,Hazardous
1962.0,35,13,42,317,0,407,16241.0,3432.2,1812.6,787.3,22273.1,16.241,3.4322,1.8126,0.7873,22.2731,45404.7462,Hazardous
1962.09,38,15,47,316,0,416,20011.0,5805.2,13.812,787.3,26617.312,20.011,5.8052,0.013812,0.7873,26.617312000000002,54119.85862400001,Hazardous
1962.16,40,17,48,316,0,421,19567.0,5519.2,13.912,787.3,25887.412,19.567,5.5192,0.013912,0.7873,25.887412,52668.59882400001,Hazardous
1962.25,45,21,55,316,0,437,27177.0,9321.2,14.612,787.3,37300.112,27.177,9.321200000000001,0.014612,0.7873,37.300112,75548.824224,Hazardous
1962.33,45,23,55,316,0,439,23029.0,12836.0,14.612,787.3,36666.912000000004,23.029,12.836,0.014612,0.7873,36.666912,74285.157824,Hazardous
1962.42,48,24,58,316,0,446,25805.0,11683.0,14.912,787.3,38290.212,25.805,11.683,0.014912000000000002,0.7873,38.290212,77549.004424,Hazardous
1962.5,49,25,58,315,0,447,31480.0,11408.0,14.912,787.3,43690.212,31.48,11.408,0.014912000000000002,0.7873,43.690212,88361.80442399999,Hazardous
1962.58,54,29,61,315,0,459,47697.0,16970.0,15.212,787.3,65469.512,47.697,16.97,0.015212,0.7873,65.46951200000001,131987.963024,Hazardous
1962.67,53,29,77,315,0,474,42725.0,17357.0,17.412,787.3,60886.712,42.725,17.357,0.017412,0.7873,60.886712,122843.19742400001,Hazardous
1962.75,55,32,68,338,0,493,33701.0,16061.0,16.512,7287.3,57065.812000000005,33.701,16.061,0.016512,7.2873,57.06581200000001,115231.75562400001,Hazardous
1962.84,54,32,65,337,0,488,31728.0,17256.0,266.11,787.3,50037.41,31.728,17.256,0.26611,0.7873,50.03741,101150.89482,Hazardous
1962.92,61,33,66,335,0,495,29019.0,14759.0,16.312,787.3,44581.612,29.019,14.759,0.016312,0.7873,44.581612,90242.387224,Hazardous
1963.0,59,30,69,316,0,474,24680.0,10983.0,2516.5,787.3,38966.8,24.68,10.983,2.5165,0.7873,38.966800000000006,78959.53359999998,Hazardous
1963.09,58,30,68,315,0,471,19406.0,7243.4,16.512,787.3,27453.212,19.406,7.243399999999999,0.016512,0.7873,27.453212,55903.33042400001,Hazardous
1963.16,59,31,68,314,0,472,24156.0,8683.4,16.512,787.3,33643.21200000001,24.156,8.683399999999999,0.016512,0.7873,33.643212000000005,68297.710424,Hazardous
1963.25,63,36,68,314,0,481,30988.0,15112.0,16.512,787.3,46903.812000000005,30.988,15.112,0.016512,0.7873,46.903812,94863.431624,Hazardous
1963.33,70,38,221,314,0,643,33986.0,16298.0,31.743,787.3,51103.043000000005,33.986,16.298,0.031743,0.7873,51.10304300000001,103594.292086,Hazardous
1963.42,80,40,228,314,0,662,40040.0,14677.0,32.443,787.3,55536.743,40.04,14.677,0.032443,0.7873,55.536743,112508.559486,Hazardous
1963.5,83,38,235,314,0,670,32388.0,9887.6,33.143,787.3,43096.043,32.388,9.8876,0.033143,0.7873,43.096042999999995,87618.27808599999,Hazardous
1963.58,79,37,234,314,0,664,30686.0,9214.6,33.043,787.3,40720.943,30.686,9.2146,0.033042999999999996,0.7873,40.720943,82851.327886,Hazardous
1963.67,77,37,249,314,0,677,29578.0,9328.9,34.943,787.3,39729.143000000004,29.578,9.328899999999999,0.034942999999999995,0.7873,39.729143,80891.744286,Hazardous
1963.75,81,39,243,314,0,677,34627.0,11442.0,34.343,787.3,46890.643000000004,34.627,11.442,0.034343000000000005,0.7873,46.890643000000004,95229.067286,Hazardous
1963.84,81,40,243,331,0,695,39932.0,14039.0,34.343,5407.3,59412.643000000004,39.932,14.039,0.034343000000000005,5.4073,59.412643,120334.11128600003,Hazardous
1963.92,86,43,263,331,0,723,33696.0,15105.0,36.343,5407.3,54244.643000000004,33.696,15.105,0.036343,5.4073,54.244643,110043.775286,Hazardous
1964.0,93,47,266,331,0,737,28421.0,32641.0,36.643,5407.3,66505.943,28.421,32.641,0.036643,5.4073,66.505943,134618.897886,Hazardous
1964.09,95,47,271,331,0,744,30318.0,32369.0,37.143,5407.3,68131.443,30.318,32.369,0.037143,5.4073,68.131443,137887.14888599998,Hazardous
1964.17,99,51,274,331,0,755,35141.0,40756.0,37.443,5407.3,81341.743,35.141,40.756,0.037443,5.4073,81.34174300000001,164356.169486,Hazardous
1964.25,99,52,281,331,0,763,46749.0,37630.0,338.04,5407.3,90124.34,46.749,37.63,0.33804,5.4073,90.12433999999999,181954.92868,Hazardous
1964.33,98,51,269,331,0,749,59253.0,36462.0,36.943,5407.3,101159.243,59.253,36.462,0.036943,5.4073,101.159243,204018.804486,Hazardous
1964.42,102,52,276,331,0,761,59781.0,37161.0,37.643,5407.3,102386.943,59.781,37.161,0.037643,5.4073,102.386943,206500.65988599995,Hazardous
1964.5,111,54,280,331,0,776,53115.0,40041.0,38.643,5407.3,98601.943,53.115,40.041,0.038643000000000004,5.4073,98.601943,198953.08988599997,Hazardous
1964.58,121,61,300,331,0,813,47419.0,45401.0,243.4,5407.3,98470.7,47.419,45.401,0.2434,5.4073,98.4707,198764.3414,Hazardous
1964.67,124,61,299,331,0,815,70636.0,46588.0,243.3,5407.3,122874.6,70.636,46.588,0.24330000000000002,5.4073,122.8746,247624.9492,Hazardous
1964.75,133,64,306,331,0,834,69464.0,48175.0,1212.0,5407.3,124258.3,69.464,48.175,1.212,5.4073,124.2583,250433.11659999998,Hazardous
1964.84,129,62,318,427,0,936,43530.0,41411.0,1513.1,10157.0,96611.1,43.53,41.411,1.5131,10.157,96.61110000000001,195287.42220000003,Hazardous
1964.92,130,66,338,331,0,865,45129.0,45640.0,347.8,5407.3,96524.1,45.129,45.64,0.3478,5.4073,96.5241,194971.2482,Hazardous
1965.0,134,67,346,331,0,878,51070.0,43329.0,48.602,5407.3,99854.902,51.07,43.329,0.048602,5.4073,99.854902,201665.513804,Hazardous
1965.09,138,70,342,498,0,1048,59501.0,46807.0,1922.1,10907.0,119137.1,59.501,46.807,1.9221,10.907,119.1371,240608.4742,Hazardous
1965.16,156,76,358,634,0,1224,87247.0,57511.0,1923.7,6841.3,153523.0,87.247,57.511,1.9237,6.8413,153.523,309801.0459999999,Hazardous
1965.25,159,76,359,478,0,1072,73144.0,54207.0,2223.7,6841.3,136416.0,73.144,54.207,2.2237,6.8413,136.416,275248.83199999994,Hazardous
1965.33,166,81,366,477,0,1090,90001.0,60810.0,2524.3,6841.3,160176.59999999998,90.001,60.81,2.5243,6.8413,160.17659999999998,322853.5531999999,Hazardous
1965.42,169,84,370,477,0,1100,99169.0,64477.0,12225.0,6841.3,182712.3,99.169,64.477,12.225,6.8413,182.7123,367990.02459999995,Hazardous
1965.5,174,86,374,477,0,1111,109290.0,75730.0,2525.1,6841.3,194386.4,109.29,75.73,2.5251,6.8413,194.38639999999998,391383.57279999997,Hazardous
1965.58,188,89,412,477,0,1166,125370.0,76362.0,1951.9,6841.3,210525.19999999998,125.37,76.362,1.9519000000000002,6.8413,210.52519999999998,423803.4503999999,Hazardous
1965.67,196,91,420,474,0,1181,122740.0,78936.0,1952.7,6841.3,210470.0,122.74,78.936,1.9527,6.8413,210.47,423722.93999999994,Hazardous
1965.75,202,95,423,944,0,1664,128370.0,72054.0,2552.8,9971.3,212948.09999999998,128.37,72.054,2.5528000000000004,9.9713,212.94809999999998,429650.0961999999,Hazardous
1965.84,206,101,469,940,0,1716,125920.0,89323.0,2858.3,9971.3,228072.59999999998,125.92,89.323,2.8583000000000003,9.9713,228.07259999999997,460033.3451999999,Hazardous
1965.92,216,105,458,1048,0,1827,137300.0,89247.0,2557.3,12121.0,241225.3,137.3,89.247,2.5573,12.121,241.22529999999998,486587.0505999999,Hazardous
1966.0,212,104,457,1045,0,1818,124350.0,85364.0,2257.3,12521.0,224492.3,124.35,85.364,2.2573000000000003,12.521,224.4923,453069.58459999994,Hazardous
1966.09,213,106,477,1077,0,1873,126860.0,73224.0,2259.3,12125.0,214468.3,126.86,73.224,2.2593,12.125,214.4683,433111.53659999993,Hazardous
1966.16,218,112,490,1037,0,1857,127870.0,78098.0,2260.5,12121.0,220349.5,127.87,78.098,2.2605,12.121,220.3495,444853.69899999996,Hazardous
1966.25,218,118,489,1032,0,1857,115050.0,83735.0,2560.3,12121.0,213466.3,115.05,83.735,2.5603000000000002,12.121,213.4663,431073.5325999999,Hazardous
1966.33,223,116,491,1030,0,1860,112480.0,58777.0,2261.7,12121.0,185639.7,112.48,58.777,2.2617,12.121,185.6397,375370.67939999996,Hazardous
1966.42,242,120,499,1076,0,1937,129780.0,62178.0,1963.2,14447.0,208368.2,129.78,62.178,1.9632,14.447,208.3682,421027.1364000001,Hazardous
1966.5,246,124,509,1082,0,1961,146040.0,76617.0,1964.2,38673.0,263294.2,146.04,76.617,1.9642,38.673,263.2942,531036.9884,Hazardous
1966.58,250,127,512,1016,0,1905,148340.0,79502.0,2264.9,12121.0,242227.9,148.34,79.502,2.2649,12.121,242.2279,488750.2558,Hazardous
1966.67,251,125,512,1063,0,1951,139960.0,59727.0,1965.0,14937.0,216589.0,139.96,59.727,1.965,14.937,216.589,437513.178,Hazardous
1966.75,256,131,519,1024,0,1930,133660.0,65726.0,2565.5,14937.0,216888.5,133.66,65.726,2.5655,14.937,216.8885,438070.777,Hazardous
1966.84,262,131,525,1040,0,1958,154680.0,66058.0,2266.2,19337.0,242341.2,154.68,66.058,2.2662,19.337,242.34120000000001,489083.0824000001,Hazardous
1966.92,262,135,519,993,0,1909,142490.0,63784.0,2265.6,10687.0,219226.6,142.49,63.784,2.2656,10.687,219.22660000000002,442709.65319999994,Hazardous
1967.0,263,137,534,990,0,1924,127980.0,68266.0,3014.1,10687.0,209947.1,127.98,68.266,3.0141,10.687,209.9471,424162.09419999993,Hazardous
1967.09,269,142,555,985,0,1951,133670.0,69587.0,1969.3,10687.0,215913.3,133.67,69.587,1.9693,10.687,215.9133,436160.42659999995,Hazardous
1967.16,273,148,570,975,0,1966,139410.0,77178.0,1970.8,10687.0,229245.8,139.41,77.178,1.9707999999999999,10.687,229.24579999999997,462882.0915999999,Hazardous
1967.25,280,151,562,971,0,1964,138920.0,81657.0,1970.0,10687.0,233234.0,138.92,81.657,1.97,10.687,233.234,470862.46799999994,Hazardous
1967.33,293,155,569,964,0,1981,138900.0,87339.0,2470.5,10687.0,239396.5,138.9,87.339,2.4705,10.687,239.3965,483233.79299999995,Hazardous
1967.42,299,158,569,957,0,1983,146940.0,85704.0,3070.3,10687.0,246401.3,146.94,85.704,3.0703,10.687,246.4013,497261.40260000003,Hazardous
1967.5,307,157,570,954,0,1988,139040.0,86641.0,4091.4,10687.0,240459.4,139.04,86.641,4.0914,10.687,240.4594,485375.7187999999,Hazardous
1967.58,307,159,570,949,0,1985,138520.0,83602.0,5551.2,10687.0,238360.2,138.52,83.602,5.5512,10.687,238.36020000000002,481167.1204,Hazardous
1967.67,314,164,576,949,0,2003,153270.0,95312.0,5551.8,10687.0,264820.8,153.27,95.312,5.5518,10.687,264.82079999999996,534177.2416000001,Hazardous
1967.75,321,171,583,947,0,2022,172540.0,109230.0,4692.5,10687.0,297149.5,172.54,109.23,4.6925,10.687,297.1495,598937.2990000001,Hazardous
1967.84,318,169,572,942,0,2001,186380.0,104130.0,2297.7,10687.0,303494.7,186.38,104.13,2.2977,10.687,303.4947,611598.3894000001,Hazardous
1967.92,319,170,585,936,0,2010,161380.0,92755.0,7225.6,10687.0,272047.6,161.38,92.755,7.2256,10.687,272.0476,548659.2952,Hazardous
1968.0,320,168,596,937,0,2021,148940.0,97382.0,3532.8,16217.0,266071.8,148.94,97.382,3.5328000000000004,16.217,266.0718,536717.7435999999,Hazardous
1968.09,318,166,586,931,0,2001,152400.0,85863.0,2031.9,16217.0,256511.9,152.4,85.863,2.0319000000000003,16.217,256.51189999999997,517538.8238,Hazardous
1968.17,324,173,596,923,0,2016,165820.0,93569.0,7554.2,10687.0,277630.2,165.82,93.569,7.5542,10.687,277.6302,559847.6604,Hazardous
1968.25,332,181,589,936,0,2038,216460.0,105870.0,8653.4,21687.0,352670.4,216.46,105.87,8.6534,21.687,352.67040000000003,710122.1407999999,Hazardous
1968.33,325,178,578,920,0,2001,151060.0,95531.0,2305.6,10687.0,259583.6,151.06,95.531,2.3056,10.687,259.5836,523688.3672,Hazardous
1968.42,340,183,578,915,0,2016,181960.0,107590.0,2005.7,10687.0,302242.7,181.96,107.59,2.0057,10.687,302.2427,609121.8853999999,Hazardous
1968.5,343,188,586,913,0,2030,183080.0,110490.0,2313.5,10687.0,306570.5,183.08,110.49,2.3135,10.687,306.5705,617814.1410000001,Hazardous
1968.58,346,191,597,910,0,2044,183230.0,113270.0,2316.4,10687.0,309503.4,183.23,113.27,2.3164000000000002,10.687,309.5034,623713.8068000001,Hazardous
1968.67,351,189,600,907,0,2047,195120.0,116290.0,2816.7,10687.0,324913.7,195.12,116.29,2.8167,10.687,324.9137,654571.2274000001,Hazardous
1968.75,356,196,607,1010,0,2169,215730.0,132300.0,3364.3,14007.0,365401.3,215.73,132.3,3.3643,14.007,365.4013,735871.4026,Hazardous
1968.84,351,192,608,1153,0,2304,200570.0,119980.0,3117.4,16807.0,340474.4,200.57,119.98,3.1174,16.807,340.4744,686237.7488,Hazardous
1968.92,355,198,627,1153,0,2333,207770.0,122380.0,2319.4,16807.0,349276.4,207.77,122.38,2.3194,16.807,349.2764,703917.3528000001,Hazardous
1969.0,355,203,633,1149,0,2340,202650.0,131080.0,3519.7,16807.0,354056.7,202.65,131.08,3.5197,16.807,354.05670000000003,713501.5133999999,Hazardous
1969.09,357,198,628,1145,0,2328,192110.0,115520.0,2919.4,16807.0,327356.4,192.11,115.52,2.9194,16.807,327.3564,660023.5128000001,Hazardous
1969.16,370,206,640,1177,0,2393,235660.0,127870.0,2020.8,18247.0,383797.8,235.66,127.87,2.0208,18.247,383.7978,773149.1956,Hazardous
1969.25,364,208,632,1171,0,2375,205550.0,127900.0,2919.8,18247.0,354616.8,205.55,127.9,2.9198000000000004,18.247,354.6168,714692.8336,Hazardous
1969.33,371,208,625,1164,0,2368,199800.0,126340.0,2919.1,18247.0,347306.1,199.8,126.34,2.9191,18.247,347.30609999999996,700042.8122,Hazardous
1969.42,372,210,614,1157,0,2353,199690.0,126660.0,2018.2,18247.0,346615.2,199.69,126.66,2.0182,18.247,346.6152,698629.6304,Hazardous
1969.5,374,211,615,1170,0,2370,201520.0,130950.0,3118.1,19032.0,354620.1,201.52,130.95,3.1181,19.032,354.6201,714689.4401999998,Hazardous
1969.58,377,216,615,1167,0,2375,186270.0,139920.0,3118.1,19032.0,348340.1,186.27,139.92,3.1181,19.032,348.34009999999995,702126.8802,Hazardous
1969.67,388,215,609,1165,0,2377,204370.0,140700.0,3064.6,19032.0,367166.6,204.37,140.7,3.0646,19.032,367.16659999999996,739821.5332,Hazardous
1969.75,391,219,606,1412,0,2628,200610.0,142620.0,2017.4,19705.0,364952.4,200.61,142.62,2.0174000000000003,19.705,364.9524,735890.7048,Hazardous
1969.84,388,218,611,1401,0,2618,174130.0,132910.0,2017.9,19705.0,328762.9,174.13,132.91,2.0179,19.705,328.7629,663419.3258,Hazardous
1969.92,389,221,612,1395,0,2617,170060.0,141650.0,2617.9,19705.0,334032.9,170.06,141.65,2.6179,19.705,334.03290000000004,673967.8658,Hazardous
1970.0,394,221,618,1387,0,2620,176510.0,141000.0,2618.5,19705.0,339833.5,176.51,141.0,2.6185,19.705,339.8335,685586.6669999999,Hazardous
1970.09,390,218,609,1381,0,2598,164980.0,133780.0,2317.6,19705.0,320782.6,164.98,133.78,2.3176,19.705,320.7826,647402.7651999999,Hazardous
1970.16,394,223,608,1370,0,2595,177920.0,140790.0,2317.5,19705.0,340732.5,177.92,140.79,2.3175,19.705,340.7325,687336.4650000001,Hazardous
1970.25,408,230,615,1364,0,2617,188000.0,160490.0,2618.2,19705.0,370813.2,188.0,160.49,2.6182,19.705,370.8132,747602.0264,Hazardous
1970.33,408,226,612,1360,0,2606,176790.0,154580.0,2617.9,19705.0,353692.9,176.79,154.58,2.6179,19.705,353.6929,713305.1858,Hazardous
1970.42,414,231,604,1353,0,2602,192890.0,165090.0,2317.1,19705.0,380002.1,192.89,165.09,2.3171,19.705,380.0021,765968.2041999999,Hazardous
1970.5,412,231,603,1350,0,2596,187670.0,166160.0,3363.9,19705.0,376898.9,187.67,166.16,3.3639,19.705,376.8989,759743.5978000001,Hazardous
1970.58,415,234,610,1342,0,2601,183630.0,163800.0,4377.4,18920.0,370727.4,183.63,163.8,4.3774,18.92,370.72740000000005,747398.2548000001,Hazardous
1970.67,418,241,615,1338,0,2612,197640.0,177390.0,7124.6,18920.0,401074.6,197.64,177.39,7.1246,18.92,401.0746,808175.3492,Hazardous
1970.75,425,243,619,1919,0,3206,209950.0,183430.0,11078.0,26233.0,430691.0,209.95,183.43,11.078,26.233,430.691,868655.382,Hazardous
1970.84,427,244,616,1915,0,3202,203060.0,188320.0,4878.6,26233.0,422491.6,203.06,188.32,4.8786000000000005,26.233,422.49159999999995,852232.1832,Hazardous
1970.92,435,252,642,1913,0,3242,222970.0,190460.0,5266.1,26233.0,444929.1,222.97,190.46,5.266100000000001,26.233,444.92909999999995,897232.0581999999,Hazardous
1971.0,435,252,643,1906,0,3236,218150.0,190960.0,5566.2,26233.0,440909.2,218.15,190.96,5.5662,26.233,440.9092,889172.2184,Hazardous
1971.09,441,256,643,2021,0,3361,225890.0,191730.0,5566.2,29553.0,452739.2,225.89,191.73,5.5662,29.553,452.73920000000004,913105.8783999999,Hazardous
1971.16,444,260,644,2017,0,3365,234700.0,195000.0,5866.3,29553.0,465119.3,234.7,195.0,5.8663,29.553,465.1193,937898.8385999999,Hazardous
1971.25,456,266,671,2011,0,3404,269060.0,203870.0,12058.0,29553.0,514541.0,269.06,203.87,12.058,29.553,514.541,1036919.0819999999,Partially Recyclable
1971.33,466,271,667,2006,0,3410,284420.0,214320.0,8302.2,29553.0,536595.2,284.42,214.32,8.302200000000001,29.553,536.5952,1081083.5904,Partially Recyclable
1971.42,463,270,670,2002,0,3405,278010.0,208960.0,5868.7,29553.0,522391.7,278.01,208.96,5.8687,29.553,522.3917,1052638.1834,Partially Recyclable
1971.5,464,271,673,2000,0,3408,278930.0,207770.0,5569.0,29553.0,521822.0,278.93,207.77,5.569,29.553,521.822,1051503.6439999999,Partially Recyclable
1971.58,477,276,681,1995,0,3429,290640.0,214060.0,7216.6,29553.0,541469.6,290.64,214.06,7.216600000000001,29.553,541.4696,1090880.1391999999,Partially Recyclable
1971.67,482,279,697,1992,0,3450,279110.0,218880.0,7471.2,29553.0,535014.2,279.11,218.88,7.4712,29.553,535.0142,1077998.4284,Partially Recyclable
1971.75,493,282,702,1991,0,3468,287350.0,217140.0,7171.5,29553.0,541214.5,287.35,217.14,7.1715,29.553,541.2145,1090447.429,Partially Recyclable
1971.84,496,288,693,1989,0,3466,254380.0,220290.0,4910.8,29553.0,509133.8,254.38,220.29,4.9108,29.553,509.1338,1026217.8675999999,Partially Recyclable
1971.92,507,303,730,2014,0,3554,280430.0,242780.0,9769.5,32873.0,565852.5,280.43,242.78,9.7695,32.873,565.8525,1139944.7049999998,Partially Recyclable
1972.0,506,301,720,2007,0,3534,274770.0,236110.0,8268.8,32873.0,552021.8,274.77,236.11,8.268799999999999,32.873,552.0218000000001,1112215.6436,Partially Recyclable
1972.09,505,300,708,2004,0,3517,274510.0,235550.0,6667.8,32873.0,549600.8,274.51,235.55,6.667800000000001,32.873,549.6008,1107334.8016,Partially Recyclable
1972.17,513,308,722,1993,0,3536,271130.0,247300.0,4713.8,32873.0,556016.8,271.13,247.3,4.7138,32.873,556.0168000000001,1120217.6336,Partially Recyclable
1972.25,520,312,725,1974,0,3531,287490.0,254040.0,6173.9,32873.0,580576.9,287.49,254.04,6.1739,32.873,580.5769,1169376.9538,Partially Recyclable
1972.33,517,312,720,1965,0,3514,282490.0,251920.0,6173.4,32873.0,573456.4,282.49,251.92,6.1734,32.873,573.4564,1155087.7127999999,Partially Recyclable
1972.42,524,315,718,1963,0,3520,297830.0,257430.0,6473.2,32873.0,594606.2,297.83,257.43,6.473199999999999,32.873,594.6062,1197441.6123999998,Partially Recyclable
1972.5,538,319,723,1959,0,3539,323660.0,263730.0,5013.9,32873.0,625276.9,323.66,263.73,5.0139,32.873,625.2769000000001,1258882.3537999997,Partially Recyclable
1972.58,541,318,718,1954,0,3531,315660.0,260890.0,10213.0,32873.0,619636.0,315.66,260.89,10.213,32.873,619.636,1247573.2719999996,Partially Recyclable
1972.67,540,323,720,1949,0,3532,306950.0,264100.0,9913.4,32873.0,613836.4,306.95,264.1,9.9134,32.873,613.8364,1235964.4727999999,Partially Recyclable
1972.75,547,328,728,1948,0,3551,310590.0,271580.0,7114.1,32873.0,622157.1,310.59,271.58,7.1141000000000005,32.873,622.1571,1252660.5141999999,Partially Recyclable
1972.84,558,333,722,1945,0,3558,305220.0,269350.0,4113.7,32873.0,611556.7,305.22,269.35,4.1137,32.873,611.5567,1231452.5134,Partially Recyclable
1972.92,567,342,719,1943,0,3571,320010.0,279820.0,4113.4,32873.0,636816.4,320.01,279.82,4.1133999999999995,32.873,636.8164,1282048.4327999998,Partially Recyclable
1973.0,568,343,720,1941,0,3572,315990.0,283350.0,5513.3,32873.0,637726.3,315.99,283.35,5.5133,32.873,637.7263,1283872.0526,Partially Recyclable
1973.09,568,342,718,1939,0,3567,302380.0,279420.0,4413.2,32873.0,619086.2,302.38,279.42,4.4132,32.873,619.0862,1246544.5723999997,Partially Recyclable
1973.16,571,345,718,1931,0,3565,323650.0,286520.0,4713.2,32873.0,647756.2,323.65,286.52,4.7132,32.873,647.7561999999999,1303937.9123999998,Partially Recyclable
1973.25,573,346,709,1952,0,3580,343220.0,281710.0,3212.4,37058.0,665200.4,343.22,281.71,3.2124,37.058,665.2004000000001,1338891.2008,Partially Recyclable
1973.33,580,351,735,2119,0,3785,465580.0,338850.0,4714.9,39173.0,848317.9,465.58,338.85,4.714899999999999,39.173,848.3179,1705902.4358,Partially Recyclable
1973.42,590,357,743,1963,0,3653,429870.0,336720.0,5315.7,32873.0,804778.7,429.87,336.72,5.3157,32.873,804.7787,1618472.9573999997,Partially Recyclable
1973.5,586,356,727,1939,0,3608,416680.0,348150.0,5414.1,32873.0,803117.1,416.68,348.15,5.4141,32.873,803.1170999999999,1615056.4341999996,Partially Recyclable
1973.58,592,363,740,1931,0,3626,431590.0,351100.0,6915.1,32873.0,822478.1,431.59,351.1,6.915100000000001,32.873,822.4780999999999,1653853.1562,Partially Recyclable
1973.67,595,360,740,1926,0,3621,441330.0,339720.0,5615.3,32873.0,819538.3,441.33,339.72,5.6153,32.873,819.5383,1647957.6766,Partially Recyclable
1973.75,611,370,763,1920,0,3664,450350.0,355530.0,7117.3,32873.0,845870.3,450.35,355.53,7.1173,32.873,845.8703,1700760.3406000002,Partially Recyclable
1973.84,615,377,757,1938,0,3687,453300.0,372670.0,7017.8,33658.0,866645.8,453.3,372.67,7.0178,33.658,866.6458,1742398.8916000002,Partially Recyclable
1973.92,630,382,762,2157,0,3931,460140.0,373970.0,9118.3,34443.0,877671.3,460.14,373.97,9.1183,34.443,877.6713000000001,1764959.9426,Partially Recyclable
1974.0,629,378,753,2155,0,3915,447890.0,361890.0,7917.7,34443.0,852140.7,447.89,361.89,7.9177,34.443,852.1406999999999,1713815.6814,Partially Recyclable
1974.09,629,375,741,2153,0,3898,439840.0,353990.0,7116.8,34443.0,835389.8,439.84,353.99,7.1168000000000005,34.443,835.3898,1680246.3796,Partially Recyclable
1974.16,630,380,738,2153,0,3901,422320.0,361050.0,7528.7,34443.0,825341.7,422.32,361.05,7.5287,34.443,825.3417,1660136.0834,Partially Recyclable
1974.25,645,388,752,2151,0,3936,445400.0,373070.0,6428.9,34443.0,859341.9,445.4,373.07,6.4289,34.443,859.3419,1728274.4838,Partially Recyclable
1974.33,648,396,767,2149,0,3960,447680.0,385080.0,13030.0,34443.0,880233.0,447.68,385.08,13.03,34.443,880.233,1770146.466,Partially Recyclable
1974.42,653,400,768,2145,0,3966,463310.0,391270.0,13030.0,34443.0,902053.0,463.31,391.27,13.03,34.443,902.053,1813842.1060000001,Partially Recyclable
1974.5,659,403,770,2142,0,3974,474900.0,392690.0,12042.0,34443.0,914075.0,474.9,392.69,12.042,34.443,914.075,1837926.1499999997,Partially Recyclable
1974.58,663,404,765,2140,0,3972,478290.0,389230.0,10042.0,34443.0,912005.0,478.29,389.23,10.042,34.443,912.005,1833778.0099999998,Partially Recyclable
1974.67,666,400,771,2140,0,3977,445240.0,378010.0,7343.0,34443.0,865036.0,445.24,378.01,7.343,34.443,865.036,1739756.0720000002,Partially Recyclable
1974.75,676,409,779,2137,0,4001,475390.0,395440.0,5443.8,34443.0,910716.8,475.39,395.44,5.4438,34.443,910.7168,1831257.0336,Partially Recyclable
1974.84,682,412,790,2134,0,4018,489500.0,403590.0,5744.8,34443.0,933277.8,489.5,403.59,5.744800000000001,34.443,933.2778000000001,1876458.1556000002,Partially Recyclable
1974.92,687,418,782,2134,0,4021,505870.0,414330.0,5843.900000000001,34443.0,960486.9,505.87,414.33,5.8439000000000005,34.443,960.4869,1930936.7738,Partially Recyclable
1975.0,691,421,782,2132,0,4026,508760.0,415040.0,6043.8,34443.0,964286.8,508.76,415.04,6.0438,34.443,964.2868000000001,1938554.1736,Partially Recyclable
1975.09,703,426,789,2132,0,4050,492880.0,378180.0,6344.5,34443.0,911847.5,492.88,378.18,6.3445,34.443,911.8475,1833618.6949999996,Partially Recyclable
1975.16,705,429,798,2132,0,4064,499260.0,383830.0,6445.4,34443.0,923978.4,499.26,383.83,6.445399999999999,34.443,923.9784000000001,1857932.7568,Partially Recyclable
1975.25,714,435,799,2180,0,4128,497100.0,391650.0,11845.0,38593.0,939188.0,497.1,391.65,11.845,38.593,939.188,1888510.3760000002,Partially Recyclable
1975.33,729,440,802,2424,0,4395,494070.0,393100.0,11545.3,36058.0,934773.3,494.07,393.1,11.5453,36.058,934.7733000000001,1880206.1466000003,Partially Recyclable
1975.42,737,449,810,2422,0,4418,531410.0,410140.0,12546.6,36058.0,990154.6,531.41,410.14,12.5466,36.058,990.1546,1991125.5091999997,Partially Recyclable
1975.5,741,452,798,2501,0,4492,545500.0,419080.0,10557.6,36113.0,1011250.6,545.5,419.08,10.5576,36.113,1011.2506,2033507.7011999998,Partially Recyclable
1975.58,739,450,793,2679,0,4661,515800.0,403250.0,8756.800000000001,37024.0,964830.8,515.8,403.25,8.756800000000002,37.024,964.8308000000001,1940913.2616000003,Partially Recyclable
1975.67,757,462,803,2751,0,4773,535330.0,421200.0,5546.400000000001,43724.0,1005800.4,535.33,421.2,5.5464,43.724,1005.8004,2023158.4008000002,Partially Recyclable
1975.75,759,466,798,2670,0,4693,533630.0,425320.0,6457.599999999999,37024.0,1002431.6,533.63,425.32,6.457599999999999,37.024,1002.4316,2016254.0632,Partially Recyclable
1975.84,763,468,796,2666,0,4693,533930.0,425230.0,4457.700000000001,37024.0,1000641.7,533.93,425.23,4.457700000000001,37.024,1000.6416999999999,2012670.6833999997,Partially Recyclable
1975.92,770,479,808,2661,0,4718,545900.0,449640.0,9170.4,37024.0,1041734.4,545.9,449.64,9.170399999999999,37.024,1041.7344,2094988.2687999995,Partially Recyclable
1976.0,778,482,812,2722,0,4794,529970.0,444810.0,7272.1,41174.0,1023226.1,529.97,444.81,7.2721,41.174,1023.2261,2058086.6522000001,Partially Recyclable
1976.09,784,482,822,2925,0,5013,539760.0,443580.0,6073.400000000001,42085.0,1031498.4,539.76,443.58,6.0734,42.085,1031.4984,2075085.7968000001,Partially Recyclable
1976.17,790,490,827,2925,0,5032,546610.0,453800.0,6473.6,42085.0,1048968.6,546.61,453.8,6.4736,42.085,1048.9686000000002,2110099.1371999998,Partially Recyclable
1976.25,795,493,830,2915,0,5033,546490.0,457250.0,6473.9,42085.0,1052298.9,546.49,457.25,6.4738999999999995,42.085,1052.2989,2116768.3978,Partially Recyclable
1976.33,800,497,836,2906,0,5039,541340.0,458140.0,7374.3,42085.0,1048939.3,541.34,458.14,7.3743,42.085,1048.9393,2110054.4786,Partially Recyclable
1976.42,813,506,845,2903,0,5067,573710.0,473100.0,7678.6,42085.0,1096573.6,573.71,473.1,7.6786,42.085,1096.5736000000002,2205474.3472,Partially Recyclable
1976.5,826,520,839,3148,0,5333,585290.0,494130.0,6479.0,44635.0,1130534.0,585.29,494.13,6.479,44.635,1130.534,2273995.0679999995,Partially Recyclable
1976.58,829,522,844,3148,0,5343,584390.0,495240.0,6982.3,44635.0,1131247.3,584.39,495.24,6.9823,44.635,1131.2473,2275443.0946,Partially Recyclable
1976.67,836,525,864,2899,0,5124,602390.0,502280.0,8004.3,37935.0,1150609.3,602.39,502.28,8.0043,37.935,1150.6093,2313767.8186000003,Partially Recyclable
1976.75,843,530,886,2898,0,5157,610830.0,507410.0,17539.5,37935.0,1173714.5,610.83,507.41,17.5395,37.935,1173.7145,2360090.429,Partially Recyclable
1976.84,844,529,882,2895,0,5150,609780.0,505760.0,14499.5,37935.0,1167974.5,609.78,505.76,14.4995,37.935,1167.9745,2348584.9489999996,Partially Recyclable
1976.92,860,537,883,2957,0,5237,628190.0,524150.0,12339.0,47555.0,1212234.0,628.19,524.15,12.339,47.555,1212.234,2437366.4680000003,Partially Recyclable
1977.0,858,534,879,2935,0,5206,592220.0,514480.0,9638.8,41255.0,1157593.8,592.22,514.48,9.6388,41.255,1157.5938,2327914.7876,Partially Recyclable
1977.09,866,539,885,2872,0,5162,604050.0,520680.0,7679.6,41255.0,1173664.6,604.05,520.68,7.679600000000001,41.255,1173.6646,2360000.5291999998,Partially Recyclable
1977.16,869,543,887,2866,0,5165,584740.0,523050.0,6433.7,42505.0,1156728.7,584.74,523.05,6.4337,42.505,1156.7287,2326100.8573999996,Partially Recyclable
1977.25,873,545,893,2860,0,5171,594510.0,525690.0,6750.9,42505.0,1169455.9,594.51,525.69,6.7509,42.505,1169.4559,2351592.7117999992,Partially Recyclable
1977.33,881,554,895,2892,0,5222,613970.0,543050.0,6952.5,46655.0,1210627.5,613.97,543.05,6.9525,46.655,1210.6275,2434120.255,Partially Recyclable
1977.42,889,563,903,2887,0,5242,631070.0,551600.0,6042.3,46655.0,1235367.3,631.07,551.6,6.0423,46.655,1235.3673000000001,2483689.3345999997,Partially Recyclable
1977.5,898,573,907,3061,0,5439,658550.0,567120.0,8896.5,47566.0,1282132.5,658.55,567.12,8.8965,47.566,1282.1325,2577707.2649999997,Partially Recyclable
1977.58,908,577,899,3053,0,5437,665010.0,568650.0,6940.1,47566.0,1288166.1,665.01,568.65,6.9401,47.566,1288.1661000000001,2589782.5322,Partially Recyclable
1977.67,916,582,915,3110,0,5523,684230.0,580320.0,10721.1,44046.0,1319317.1,684.23,580.32,10.7211,44.046,1319.3171,2652318.8342000004,Partially Recyclable
1977.75,918,582,898,3104,0,5502,672890.0,575870.0,7649.0,45296.0,1301705.0,672.89,575.87,7.649,45.296,1301.705,2617017.4100000006,Partially Recyclable
1977.84,914,579,883,3097,0,5473,643030.0,561880.0,6746.3,41146.0,1252802.3,643.03,561.88,6.7463,41.146,1252.8023,2519056.2046000003,Partially Recyclable
1977.92,929,589,897,3341,0,5756,684490.0,576860.0,6140.0,45377.0,1312867.0,684.49,576.86,6.14,45.377,1312.867,2639871.734,Partially Recyclable
1978.0,942,597,896,3334,0,5769,698640.0,590480.0,7534.0,45377.0,1342031.0,698.64,590.48,7.534,45.377,1342.031,2698284.062,Partially Recyclable
1978.09,940,600,901,3324,0,5765,677880.0,586750.0,8967.0,45377.0,1318974.0,677.88,586.75,8.967,45.377,1318.974,2652115.948,Partially Recyclable
1978.16,947,607,896,3321,0,5771,690440.0,599090.0,9360.699999999999,45377.3,1344268.0,690.44,599.09,9.3607,45.377300000000005,1344.268,2702766.536,Partially Recyclable
1978.25,946,606,882,3312,0,5746,661110.0,592230.0,8351.9,45377.3,1307069.2,661.11,592.23,8.351899999999999,45.377300000000005,1307.0692,2628244.5383999995,Partially Recyclable
1978.33,953,608,888,3295,0,5744,674100.0,592180.0,8593.5,45377.3,1320250.8,674.1,592.18,8.5935,45.377300000000005,1320.2508,2654630.1016,Partially Recyclable
1978.42,966,622,883,3300,0,5771,702290.0,614970.0,9188.300000000001,48597.3,1375045.6,702.29,614.97,9.188300000000002,48.597300000000004,1375.0456000000001,2764383.2912000003,Partially Recyclable
1978.5,966,622,858,3286,0,5732,694790.0,612680.0,8177.6,48597.3,1364244.9000000001,694.79,612.68,8.1776,48.597300000000004,1364.2449000000001,2742682.2898000004,Partially Recyclable
1978.58,969,626,841,3271,0,5707,707560.0,616820.0,8564.6,48597.3,1381541.9000000001,707.56,616.82,8.5646,48.597300000000004,1381.5419000000002,2777260.8838000004,Partially Recyclable
1978.67,967,624,849,3266,0,5706,702790.0,612120.0,10761.9,48597.3,1374269.2,702.79,612.12,10.761899999999999,48.597300000000004,1374.2692,2762698.9384,Partially Recyclable
1978.75,982,631,858,3266,0,5737,687490.0,623510.0,7362.900000000001,49847.3,1368210.2,687.49,623.51,7.362900000000001,49.847300000000004,1368.2102,2750630.8204,Partially Recyclable
1978.84,980,631,857,3307,0,5775,680250.0,622080.0,8206.8,50597.3,1361134.1,680.25,622.08,8.2068,50.597300000000004,1361.1341,2736540.4682,Partially Recyclable
1978.92,999,644,869,3291,0,5803,702460.0,644890.0,9238.9,50597.3,1407186.2,702.46,644.89,9.2389,50.597300000000004,1407.1861999999999,2828792.7724,Partially Recyclable
1979.0,999,642,870,3276,0,5787,700350.0,638920.0,8337.9,50597.3,1398205.2,700.35,638.92,8.3379,50.597300000000004,1398.2051999999999,2810780.8104000003,Partially Recyclable
1979.09,1005,652,855,3263,0,5775,699290.0,650090.0,8292.8,50597.3,1408270.1,699.29,650.09,8.2928,50.597300000000004,1408.2701000000002,2830906.7402,Partially Recyclable
1979.16,1016,651,850,3257,0,5774,726860.0,649290.0,7436.5,51847.3,1435433.8,726.86,649.29,7.4365,51.847300000000004,1435.4338,2885286.4676,Partially Recyclable
1979.25,1019,656,857,3238,0,5770,738370.0,665530.0,8529.1,51847.3,1464276.4000000001,738.37,665.53,8.5291,51.847300000000004,1464.2764000000002,2943021.3528,Partially Recyclable
1979.33,1020,653,867,3210,0,5750,767480.0,658140.0,8930.0,51847.3,1486397.3,767.48,658.14,8.93,51.847300000000004,1486.3973,2987267.3946,Partially Recyclable
1979.42,1028,661,889,3191,0,5769,768950.0,672810.0,9232.1,51847.3,1502839.4000000001,768.95,672.81,9.2321,51.847300000000004,1502.8394,3020222.4788000006,Partially Recyclable
1979.5,1026,662,890,3164,0,5742,752960.0,674050.0,10843.9,51847.3,1489701.2,752.96,674.05,10.8439,51.847300000000004,1489.7012,2993865.8024,Partially Recyclable
1979.58,1026,664,896,3143,0,5729,684420.0,674290.0,10593.4,51847.3,1421150.7,684.42,674.29,10.593399999999999,51.847300000000004,1421.1507,2856601.7014,Partially Recyclable
1979.67,1028,661,888,3140,0,5717,668260.0,670140.0,10846.1,57247.3,1406493.4000000001,668.26,670.14,10.8461,57.2473,1406.4934,2827233.7868000004,Partially Recyclable
1979.75,1029,665,898,3218,0,5810,645570.0,681300.0,10378.5,57261.814,1394510.314,645.57,681.3,10.3785,57.261814,1394.510314,2803429.6486279997,Partially Recyclable
1979.84,1028,664,882,3353,0,5927,635430.0,674560.0,10391.6,57275.988,1377657.588,635.43,674.56,10.3916,57.275988,1377.657588,2769924.4911760003,Partially Recyclable
1979.92,1026,662,875,3379,0,5942,636620.0,670910.0,10123.2,53602.288,1371255.488,636.62,670.91,10.1232,53.602288,1371.2554879999998,2757137.4869759995,Partially Recyclable
1980.0,1026,662,864,3356,0,5908,641240.0,672440.0,10185.5,53602.288,1377467.788,641.24,672.44,10.1855,53.602288,1377.467788,2769506.511576,Partially Recyclable
1980.09,1032,666,866,3364,0,5928,661160.0,679560.0,11741.3,54852.288,1407313.588,661.16,679.56,11.741299999999999,54.852288,1407.313588,2829297.803176,Partially Recyclable
1980.17,1037,666,869,3349,0,5921,661930.0,678370.0,10287.3,53452.288,1404039.588,661.93,678.37,10.2873,53.452288,1404.039588,2822729.2551760003,Partially Recyclable
1980.25,1038,669,869,3419,0,5995,673170.0,683220.0,12385.1,58229.794,1427004.894,673.17,683.22,12.3851,58.229794,1427.0048940000001,2868853.797788,Partially Recyclable
1980.33,1041,668,873,3409,0,5991,686330.0,678570.0,11485.1,58229.794,1434614.894,686.33,678.57,11.485100000000001,58.229794,1434.614894,2884081.017788,Partially Recyclable
1980.42,1048,671,879,3391,0,5989,717840.0,689840.0,14441.2,58229.794,1480350.994,717.84,689.84,14.4412,58.229794,1480.350994,2975640.6899879994,Partially Recyclable
1980.5,1055,679,889,3380,0,6003,709550.0,702760.0,16300.2,58229.794,1486839.994,709.55,702.76,16.3002,58.229794,1486.839994,2988659.667987999,Partially Recyclable
1980.58,1051,672,885,3383,0,5991,696260.0,687530.0,14000.0,59483.154,1457273.154,696.26,687.53,14.0,59.483154,1457.2731540000002,2929442.8543079994,Partially Recyclable
1980.67,1055,674,912,3373,0,6014,718130.0,687040.0,12535.0,59483.154,1477188.154,718.13,687.04,12.535,59.483154,1477.1881540000002,2969358.684308,Partially Recyclable
1980.75,1055,679,927,3359,0,6020,726950.0,699830.0,13504.4,59483.154,1499767.554,726.95,699.83,13.5044,59.483154,1499.767554,3014574.643108,Partially Recyclable
1980.84,1050,681,903,3340,0,5974,702750.0,699780.0,11792.3,59483.596,1473805.896,702.75,699.78,11.7923,59.483596,1473.8058959999998,2962507.4037919994,Partially Recyclable
1980.92,1061,681,887,3327,0,5956,714090.0,703480.0,13204.1,59483.968,1490258.0680000002,714.09,703.48,13.2041,59.483968,1490.258068,2995408.6521360003,Partially Recyclable
1981.0,1062,678,883,3565,0,6188,711600.0,701420.0,12389.1,60644.968,1486054.0680000002,711.6,701.42,12.389100000000001,60.644968,1486.0540680000001,2987456.244136,Partially Recyclable
1981.09,1067,679,877,3548,0,6171,711590.0,700150.0,10816.0,60644.968,1483200.968,711.59,700.15,10.816,60.644968,1483.200968,2981710.337936,Partially Recyclable
1981.16,1079,684,903,3535,0,6201,734710.0,716630.0,17597.0,60644.968,1529581.968,734.71,716.63,17.597,60.644968,1529.5819680000002,3074625.099936,Partially Recyclable
1981.25,1077,679,943,3529,0,6228,818990.0,705610.0,22267.3,62615.477,1609482.777,818.99,705.61,22.2673,62.615477,1609.482777,3234640.519554,Partially Recyclable
1981.33,1080,683,950,3517,0,6230,736820.0,708550.0,20368.7,65117.577,1530856.277,736.82,708.55,20.3687,65.117577,1530.856277,3077234.266554,Partially Recyclable
1981.42,1084,690,947,3496,0,6217,742740.0,722390.0,18569.6,65117.577,1548817.1770000001,742.74,722.39,18.569599999999998,65.117577,1548.8171770000001,3113165.9883540007,Partially Recyclable
1981.5,1083,693,938,3971,0,6685,753170.0,729460.0,17068.5,69967.777,1569666.277,753.17,729.46,17.0685,69.967777,1569.666277,3155841.886554,Partially Recyclable
1981.58,1100,702,935,3959,0,6696,753680.0,742010.0,18121.1,69967.777,1583778.877,753.68,742.01,18.1211,69.967777,1583.7788770000002,3184117.311754,Partially Recyclable
1981.67,1111,708,935,3944,0,6698,761450.0,749580.0,18065.1,71127.777,1600222.877,761.45,749.58,18.065099999999997,71.12777700000001,1600.2228770000002,3217042.199754,Partially Recyclable
1981.75,1111,713,932,3940,0,6696,759530.0,767080.0,17915.1,72377.777,1616902.877,759.53,767.08,17.9151,72.37777700000001,1616.902877,3250431.559754,Partially Recyclable
1981.84,1116,712,916,3945,0,6689,826170.0,762740.0,14714.0,69477.677,1673101.677,826.17,762.74,14.714,69.477677,1673.1016769999999,3362927.5573540004,Partially Recyclable
1981.92,1126,708,915,3929,0,6678,751280.0,755500.0,12719.0,70388.677,1589887.677,751.28,755.5,12.719,70.388677,1589.887677,3196311.1293539996,Partially Recyclable
1982.0,1129,713,919,3913,0,6674,758270.0,764290.0,11523.1,70388.577,1604471.6770000001,758.27,764.29,11.523100000000001,70.388577,1604.4716770000002,3225500.297354,Partially Recyclable
1982.09,1132,718,917,3904,0,6671,760810.0,773790.0,12434.0,70388.577,1617422.577,760.81,773.79,12.434,70.388577,1617.422577,3251421.999154,Partially Recyclable
1982.16,1142,725,918,3889,0,6674,858830.0,786410.0,12543.0,70388.577,1728171.577,858.83,786.41,12.543,70.388577,1728.171577,3473147.497154,Partially Recyclable
1982.25,1149,731,915,3875,0,6670,804040.0,797980.0,11990.1,70388.477,1684398.577,804.04,797.98,11.9901,70.388477,1684.3985770000002,3385505.951154,Partially Recyclable
1982.33,1167,734,919,3925,0,6745,853940.0,808140.0,14963.1,74888.477,1751931.577,853.94,808.14,14.9631,74.888477,1751.931577,3520857.017154,Partially Recyclable
1982.42,1178,741,948,3998,0,6865,957620.0,818000.0,18672.3,79038.477,1873330.777,957.62,818.0,18.6723,79.038477,1873.330777,3764138.2155540003,Partially Recyclable
1982.5,1183,739,935,3990,0,6847,948680.0,812510.0,18312.9,82188.477,1861691.3769999999,948.68,812.51,18.312900000000003,82.188477,1861.6913769999999,3740800.1367539996,Partially Recyclable
1982.58,1178,742,947,3982,0,6849,810460.0,816100.0,19815.2,79038.477,1725413.677,810.46,816.1,19.8152,79.038477,1725.413677,3467976.181354,Partially Recyclable
1982.67,1186,751,957,3971,0,6865,830140.0,837580.0,18691.0,82188.477,1768599.477,830.14,837.58,18.691,82.188477,1768.599477,3554466.1529540005,Partially Recyclable
1982.75,1190,750,947,3959,0,6846,818190.0,831720.0,17966.6,82188.477,1750065.077,818.19,831.72,17.9666,82.188477,1750.065077,3517322.284154,Partially Recyclable
1982.84,1192,752,933,3945,0,6822,892800.0,830530.0,15415.3,79038.477,1817783.777,892.8,830.53,15.415299999999998,79.038477,1817.783777,3652847.1215539994,Partially Recyclable
1982.92,1198,750,957,3945,0,6850,832350.0,828290.0,12167.2,78681.477,1751488.677,832.35,828.29,12.167200000000001,78.681477,1751.4886769999998,3520180.331354,Partially Recyclable
1983.0,1204,751,939,3926,0,6820,803000.0,827340.0,8260.4,78681.477,1717281.8769999999,803.0,827.34,8.260399999999999,78.681477,1717.281877,3451638.3177539995,Partially Recyclable
1983.09,1210,752,979,3927,0,6868,810240.0,827380.0,8904.7,79932.377,1726457.077,810.24,827.38,8.9047,79.93237699999999,1726.457077,3470103.0681539997,Partially Recyclable
1983.16,1217,761,967,3924,0,6869,842230.0,850330.0,11044.3,79932.377,1783536.6770000001,842.23,850.33,11.0443,79.93237699999999,1783.536677,3584378.4273540005,Partially Recyclable
1983.25,1230,775,992,3919,0,6916,952020.0,865230.0,12280.8,79932.377,1909463.1770000001,952.02,865.23,12.2808,79.93237699999999,1909.463177,3836577.280354,Partially Recyclable
1983.33,1236,776,983,3913,0,6908,872810.0,861750.0,10958.2,79932.377,1825450.577,872.81,861.75,10.958200000000001,79.93237699999999,1825.450577,3668368.0551540004,Partially Recyclable
1983.42,1249,785,988,3906,0,6928,980490.0,872890.0,12914.2,79932.377,1946226.577,980.49,872.89,12.914200000000001,79.93237699999999,1946.2265770000001,3910201.6071540006,Partially Recyclable
1983.5,1260,792,1003,3932,0,6987,900520.0,874570.0,14028.0,81186.425,1870304.425,900.52,874.57,14.028,81.186425,1870.304425,3758323.45885,Partially Recyclable
1983.58,1269,804,1016,3962,0,7051,1000300.0,896890.0,15782.0,85586.425,1998558.425,1000.3,896.89,15.782,85.586425,1998.558425,4015215.96685,Partially Recyclable
1983.67,1273,802,1017,3946,0,7038,1010300.0,883920.0,16094.5,85586.425,1995900.925,1010.3,883.92,16.0945,85.586425,1995.9009250000001,4009869.65185,Partially Recyclable
1983.75,1271,801,1010,3935,0,7017,881620.0,883480.0,14113.5,85586.425,1864799.925,881.62,883.48,14.1135,85.586425,1864.799925,3747363.44985,Partially Recyclable
1983.84,1274,801,1015,3929,0,7019,970260.0,882170.0,14000.9,85586.425,1952017.325,970.26,882.17,14.0009,85.586425,1952.017325,3921976.6846499993,Partially Recyclable
1983.92,1277,811,1022,3953,0,7063,969590.0,903390.0,16116.9,90706.425,1979803.325,969.59,903.39,16.1169,90.706425,1979.8033249999999,3977692.25665,Partially Recyclable
1984.0,1285,813,1010,3953,0,7061,879240.0,903820.0,14211.7,91956.325,1889228.025,879.24,903.82,14.2117,91.95632499999999,1889.228025,3796356.50605,Partially Recyclable
1984.09,1301,820,1063,3946,0,7130,986560.0,918090.0,15856.7,92208.325,2012715.025,986.56,918.09,15.8567,92.208325,2012.715025,4043715.4800499994,Partially Recyclable
1984.17,1308,826,1092,3917,0,7143,913810.0,931180.0,18344.6,89058.325,1952392.925,913.81,931.18,18.3446,89.058325,1952.392925,3922976.63585,Partially Recyclable
1984.25,1316,828,1094,3912,0,7150,1016100.0,929800.0,16805.8,85908.325,2048614.125,1016.1,929.8,16.805799999999998,85.90832499999999,2048.614125,4115625.47825,Partially Recyclable
1984.33,1330,833,1062,3907,0,7132,946430.0,942780.0,16978.8,85908.325,1992097.125,946.43,942.78,16.9788,85.90832499999999,1992.097125,4002442.44425,Partially Recyclable
1984.42,1342,840,1123,3902,0,7207,979820.0,956550.0,21908.3,85908.325,2044186.625,979.82,956.55,21.9083,85.90832499999999,2044.186625,4106875.6232499997,Partially Recyclable
1984.5,1345,837,1161,3900,0,7243,983640.0,948760.0,21241.7,85908.325,2039550.025,983.64,948.76,21.2417,85.90832499999999,2039.550025,4097665.15005,Partially Recyclable
1984.58,1362,856,1201,3896,0,7315,1081900.0,979030.0,24222.3,85908.325,2171060.625,1081.9,979.03,24.2223,85.90832499999999,2171.060625,4361093.37125,Partially Recyclable
1984.67,1368,864,1217,3906,0,7355,1075700.0,988000.0,23201.8,87215.325,2174117.125,1075.7,988.0,23.2018,87.21532499999999,2174.117125,4367292.48425,Partially Recyclable
1984.75,1369,860,1191,3904,0,7324,1054800.0,970220.0,21353.7,87215.325,2133589.025,1054.8,970.22,21.3537,87.21532499999999,2133.5890249999998,4286093.228049999,Partially Recyclable
1984.84,1375,866,1182,3905,0,7328,1054500.0,974120.0,19249.9,88935.325,2136805.225,1054.5,974.12,19.2499,88.93532499999999,2136.805225,4292540.060450001,Partially Recyclable
1984.92,1373,870,1173,3905,0,7321,952250.0,984280.0,19296.4,88935.325,2044761.7249999999,952.25,984.28,19.296400000000002,88.93532499999999,2044.7617249999998,4108254.9734499995,Partially Recyclable
1985.0,1384,874,1152,3902,0,7312,1047500.0,989800.0,18241.6,88935.325,2144476.9250000003,1047.5,989.8,18.2416,88.93532499999999,2144.4769250000004,4307866.803850001,Partially Recyclable
1985.09,1387,876,1166,3902,0,7331,965550.0,988470.0,18611.9,88935.325,2061567.2249999999,965.55,988.47,18.611900000000002,88.93532499999999,2061.567225,4141919.5844499995,Partially Recyclable
1985.16,1399,882,1171,4092,0,7544,976640.0,997030.0,17833.5,92085.325,2083588.825,976.64,997.03,17.8335,92.085325,2083.588825,4186432.8276500003,Partially Recyclable
1985.25,1408,886,1174,4088,0,7556,1166900.0,999190.0,16732.6,92085.325,2274907.9250000003,1166.9,999.19,16.732599999999998,92.085325,2274.9079250000004,4569477.665850001,Partially Recyclable
1985.33,1414,893,1191,4083,0,7581,1092900.0,1015400.0,19401.5,92085.325,2219786.825,1092.9,1015.4,19.4015,92.085325,2219.786825,4459175.223650001,Partially Recyclable
1985.42,1426,902,1207,4098,0,7633,1120000.0,1027400.0,20212.5,98585.325,2266197.825,1120.0,1027.4,20.2125,98.585325,2266.197825,4552194.045650001,Partially Recyclable
1985.5,1427,901,1208,4077,0,7613,1120700.0,1023600.0,18657.5,98529.325,2261486.825,1120.7,1023.6,18.6575,98.529325,2261.4868250000004,4542722.6236499995,Partially Recyclable
1985.58,1438,913,1244,4075,0,7670,1214600.0,1041900.0,26541.0,98529.325,2381570.325,1214.6,1041.9,26.541,98.529325,2381.570325,4783243.790650001,Partially Recyclable
1985.67,1439,917,1267,4355,0,7978,1145300.0,1051000.0,27212.3,92879.325,2316391.625,1145.3,1051.0,27.2123,92.879325,2316.391625,4653372.033249999,Partially Recyclable
1985.75,1456,932,1286,4412,0,8086,1239200.0,1081400.0,26938.4,93479.325,2441017.725,1239.2,1081.4,26.9384,93.479325,2441.017725,4903089.485450001,Partially Recyclable
1985.84,1458,934,1289,4429,0,8110,1214200.0,1077100.0,22553.0,93704.325,2407557.325,1214.2,1077.1,22.553,93.704325,2407.557325,4836149.76465,Partially Recyclable
1985.92,1466,938,1311,4434,0,8149,1148500.0,1079700.0,23261.0,104318.325,2355779.325,1148.5,1079.7,23.261,104.318325,2355.779325,4732568.20865,Partially Recyclable
1986.0,1478,941,1290,4430,0,8139,1153400.0,1082200.0,19166.2,104318.325,2359084.5250000004,1153.4,1082.2,19.1662,104.318325,2359.084525,4739165.219050001,Partially Recyclable
1986.09,1487,947,1277,4463,0,8174,1100300.0,1089500.0,18314.8,107468.325,2315583.125,1100.3,1089.5,18.314799999999998,107.468325,2315.583125,4652145.41625,Partially Recyclable
1986.16,1490,946,1285,4457,0,8178,1097700.0,1084700.0,20713.0,107468.325,2310581.325,1097.7,1084.7,20.713,107.468325,2310.581325,4642139.812650002,Partially Recyclable
1986.25,1495,947,1283,4444,0,8169,1115100.0,1086400.0,20720.2,107468.325,2329688.5250000004,1115.1,1086.4,20.720200000000002,107.468325,2329.6885250000005,4680374.427050001,Partially Recyclable
1986.33,1501,951,1300,4422,0,8174,1133600.0,1095500.0,21977.5,107468.325,2358545.825,1133.6,1095.5,21.9775,107.468325,2358.545825,4738156.74165,Partially Recyclable
1986.42,1512,957,1307,4406,0,8182,1144000.0,1106900.0,22933.9,107468.325,2381302.225,1144.0,1106.9,22.9339,107.468325,2381.302225,4783731.054450001,Partially Recyclable
1986.5,1514,961,1310,4396,0,8181,1143900.0,1116800.0,20882.9,107468.325,2389051.225,1143.9,1116.8,20.882900000000003,107.468325,2389.051225,4799242.55245,Partially Recyclable
1986.58,1519,963,1311,4386,0,8179,1155800.0,1123500.0,24774.7,107468.325,2411543.0250000004,1155.8,1123.5,24.7747,107.468325,2411.5430250000004,4844267.136050001,Partially Recyclable
1986.67,1525,967,1322,4400,0,8214,1144300.0,1123000.0,25050.3,109258.325,2401608.625,1144.3,1123.0,25.0503,109.258325,2401.608625,4824448.467250001,Partially Recyclable
1986.75,1531,975,1327,4391,0,8224,1155400.0,1145100.0,25046.0,108388.325,2433934.325,1155.4,1145.1,25.046,108.388325,2433.934325,4889184.518650001,Partially Recyclable
1986.84,1542,978,1307,4874,0,8701,1152400.0,1145700.0,21794.2,109848.625,2429742.825,1152.4,1145.7,21.7942,109.848625,2429.7428250000003,4881747.135650001,Partially Recyclable
1986.92,1546,984,1304,4891,0,8725,1149700.0,1151200.0,18839.5,113318.625,2433058.125,1149.7,1151.2,18.8395,113.318625,2433.058125,4888432.366250001,Partially Recyclable
1987.0,1549,990,1292,5076,0,8907,1162600.0,1161400.0,17130.4,119818.625,2460949.025,1162.6,1161.4,17.1304,119.818625,2460.949025,4944633.948050001,Partially Recyclable
1987.09,1560,1001,1306,5071,0,8938,1186600.0,1177600.0,20927.7,119818.625,2504946.325,1186.6,1177.6,20.9277,119.818625,2504.9463250000003,5032778.54265,Partially Recyclable
1987.16,1570,1003,1311,5063,0,8947,1193600.0,1178600.0,18144.8,119818.625,2510163.425,1193.6,1178.6,18.1448,119.818625,2510.1634249999997,5043241.176849999,Partially Recyclable
1987.25,1573,1005,1309,5045,0,8932,1208400.0,1186100.0,17599.2,119818.625,2531917.825,1208.4,1186.1,17.5992,119.818625,2531.917825,5086763.485650001,Partially Recyclable
1987.33,1582,1006,1348,5028,0,8964,1241000.0,1192700.0,18264.2,119818.625,2571782.825,1241.0,1192.7,18.264200000000002,119.818625,2571.7828250000002,5166637.215650001,Partially Recyclable
1987.42,1591,1006,1341,5015,0,8953,1219600.0,1186600.0,19258.0,119818.725,2545276.725,1219.6,1186.6,19.258,119.818725,2545.276725,5113550.00345,Partially Recyclable
1987.5,1598,1013,1345,5005,1,8962,1248500.0,1202500.0,19858.0,126318.725,2597176.725,1248.5,1202.5,19.858,126.318725,2597.1767250000003,5217471.8034500005,Partially Recyclable
1987.58,1600,1015,1330,4983,1,8929,1245700.0,1214800.0,18301.0,126318.725,2605119.725,1245.7,1214.8,18.301,126.318725,2605.119725,5233307.68945,Partially Recyclable
1987.67,1614,1022,1347,4966,1,8950,1271900.0,1225900.0,18761.0,131189.684,2647750.684,1271.9,1225.9,18.761,131.189684,2647.750684,5318696.869368,Partially Recyclable
1987.75,1615,1023,1330,4935,1,8904,1282300.0,1220800.0,17430.5,131189.684,2651720.184,1282.3,1220.8,17.4305,131.189684,2651.720184,5326551.808367999,Partially Recyclable
1987.84,1616,1021,1307,4917,1,8862,1281300.0,1213200.0,16732.5,134339.684,2645572.184,1281.3,1213.2,16.7325,134.339684,2645.572184,5314159.512368,Partially Recyclable
1987.92,1626,1031,1314,5048,1,9020,1308500.0,1236500.0,18835.0,128539.684,2692374.684,1308.5,1236.5,18.835,128.539684,2692.374684,5408174.117368001,Partially Recyclable
1988.0,1628,1027,1301,5070,1,9027,1279800.0,1226500.0,16572.0,135099.884,2657971.884,1279.8,1226.5,16.572,135.099884,2657.971884,5339313.711767999,Partially Recyclable
1988.09,1632,1033,1316,5031,1,9013,1295600.0,1237200.0,16774.9,141599.784,2691174.684,1295.6,1237.2,16.774900000000002,141.59978400000003,2691.174684,5405757.717367999,Partially Recyclable
1988.17,1652,1043,1326,5001,1,9023,1315200.0,1251700.0,20483.4,128799.784,2716183.184,1315.2,1251.7,20.483400000000003,128.799784,2716.183184,5455844.734368,Partially Recyclable
1988.25,1653,1043,1328,4967,1,8992,1298700.0,1254300.0,22059.0,122299.584,2697358.584,1298.7,1254.3,22.059,122.299584,2697.3585839999996,5418095.885168,Partially Recyclable
1988.33,1663,1043,1319,4983,1,9009,1325500.0,1263300.0,21445.0,123709.584,2733954.584,1325.5,1263.3,21.445,123.709584,2733.9545839999996,5491395.077167999,Partially Recyclable
1988.42,1669,1045,1314,4957,1,8986,1328400.0,1255900.0,17112.7,116309.584,2717722.284,1328.4,1255.9,17.1127,116.309584,2717.722284,5458852.012568002,Partially Recyclable
1988.5,1672,1045,1304,4944,1,8966,1316100.0,1256200.0,21040.2,116309.484,2709649.6840000004,1316.1,1256.2,21.040200000000002,116.309484,2709.6496840000004,5442650.667368,Partially Recyclable
1988.58,1678,1052,1339,4918,1,8988,1337200.0,1276600.0,17569.7,116309.484,2747679.1840000004,1337.2,1276.6,17.5697,116.309484,2747.6791840000005,5518829.726368001,Partially Recyclable
1988.67,1692,1062,1376,4883,1,9014,1449000.0,1287700.0,15841.0,116309.384,2868850.384,1449.0,1287.7,15.841,116.30938400000001,2868.8503840000003,5761466.468768,Partially Recyclable
1988.75,1694,1063,1389,4841,1,8988,1437500.0,1287600.0,15388.6,116309.384,2856797.984,1437.5,1287.6,15.3886,116.30938400000001,2856.7979840000003,5737285.563968,Partially Recyclable
1988.84,1695,1063,1373,4775,1,8907,1442000.0,1295300.0,12360.5,116309.184,2865969.684,1442.0,1295.3,12.3605,116.30918399999999,2865.9696839999997,5755485.307368,Partially Recyclable
1988.92,1699,1066,1387,4724,1,8877,1451300.0,1304600.0,12975.6,116308.984,2885184.5840000003,1451.3,1304.6,12.9756,116.308984,2885.184584,5793893.537168,Partially Recyclable
1989.0,1697,1068,1370,4667,1,8803,1361800.0,1311100.0,11941.2,116308.984,2801150.1840000004,1361.8,1311.1,11.9412,116.308984,2801.1501840000005,5625508.668368001,Partially Recyclable
1989.09,1711,1072,1379,4592,1,8755,1391100.0,1311900.0,12215.5,116308.984,2831524.484,1391.1,1311.9,12.2155,116.308984,2831.524484,5686222.016968001,Partially Recyclable
1989.16,1722,1076,1368,4520,1,8687,1470400.0,1317800.0,12744.3,116308.784,2917253.084,1470.4,1317.8,12.744299999999999,116.308784,2917.253084,5857714.674168,Partially Recyclable
1989.25,1720,1071,1343,4436,1,8571,1373000.0,1314800.0,12937.4,109808.684,2810546.084,1373.0,1314.8,12.9374,109.808684,2810.5460839999996,5643855.260167999,Partially Recyclable
1989.33,1723,1074,1336,4373,1,8507,1459500.0,1321100.0,11648.2,109808.684,2902056.884,1459.5,1321.1,11.648200000000001,109.808684,2902.056884,5826931.881767999,Partially Recyclable
1989.42,1728,1082,1350,4337,1,8498,1388500.0,1333900.0,12805.4,109808.684,2845014.084,1388.5,1333.9,12.805399999999999,109.808684,2845.014084,5712714.196168,Partially Recyclable
1989.5,1736,1087,1346,4293,1,8463,1403500.0,1347500.0,13399.4,114868.684,2879268.084,1403.5,1347.5,13.3994,114.86868399999999,2879.268084,5781220.704168,Partially Recyclable
1989.58,1737,1083,1422,4267,1,8510,1460300.0,1334800.0,12837.8,114868.584,2922806.3839999996,1460.3,1334.8,12.8378,114.868584,2922.8063839999995,5868478.380767998,Partially Recyclable
1989.67,1751,1094,1427,4220,1,8493,1392300.0,1359800.0,12196.5,114868.684,2879165.184,1392.3,1359.8,12.1965,114.86868399999999,2879.165184,5781074.698367999,Partially Recyclable
1989.75,1748,1091,1426,4179,1,8445,1468400.0,1345800.0,10741.1,108368.684,2933309.784,1468.4,1345.8,10.741100000000001,108.36868399999999,2933.309784,5889376.1875680005,Partially Recyclable
1989.84,1749,1092,1409,4142,1,8393,1497200.0,1351200.0,8637.300000000001,108368.484,2965405.784,1497.2,1351.2,8.637300000000002,108.368484,2965.405784,5953528.379567999,Partially Recyclable
1989.92,1748,1099,1428,4097,1,8373,1418400.0,1368000.0,11051.0,108368.484,2905819.484,1418.4,1368.0,11.051,108.368484,2905.819484,5834196.6069680005,Partially Recyclable
1990.0,1758,1103,1450,4054,1,8366,1511400.0,1365300.0,9753.0,108368.384,2994821.384,1511.4,1365.3,9.753,108.368384,2994.821384,6012364.4107679995,Partially Recyclable
1990.09,1766,1106,1441,4025,1,8339,1526900.0,1369800.0,10576.5,108368.184,3015644.684,1526.9,1369.8,10.5765,108.368184,3015.644684,6053998.657368001,Partially Recyclable
1990.16,1768,1109,1431,4001,1,8310,1525600.0,1385500.0,9722.2,108368.184,3029190.384,1525.6,1385.5,9.7222,108.368184,3029.190384,6081059.148767999,Partially Recyclable
1990.25,1789,1119,1429,3969,1,8307,1553700.0,1383600.0,11358.4,103868.084,3052526.4839999997,1553.7,1383.6,11.3584,103.868084,3052.5264839999995,6127772.0209679995,Partially Recyclable
1990.33,1790,1121,1437,3950,1,8299,1490200.0,1399900.0,11176.2,94965.984,2996242.1840000004,1490.2,1399.9,11.176200000000001,94.96598399999999,2996.242184,6015074.852368001,Partially Recyclable
1990.42,1800,1124,1441,3939,1,8305,1505100.0,1406900.0,11490.2,94965.984,3018456.1840000004,1505.1,1406.9,11.490200000000002,94.96598399999999,3018.4561840000006,6059559.280368,Partially Recyclable
1990.5,1805,1127,1476,3929,1,8338,1512500.0,1419300.0,12106.7,94965.984,3038872.6840000004,1512.5,1419.3,12.1067,94.96598399999999,3038.8726840000004,6100499.113368001,Partially Recyclable
1990.58,1821,1138,1489,3916,1,8365,1544800.0,1432400.0,12211.7,94966.084,3084377.784,1544.8,1432.4,12.2117,94.96608400000001,3084.377784,6191654.3235679995,Partially Recyclable
1990.67,1825,1135,1489,3903,1,8353,1544000.0,1427700.0,11609.8,94966.084,3078275.8839999996,1544.0,1427.7,11.6098,94.96608400000001,3078.2758839999997,6179414.3197679985,Partially Recyclable
1990.75,1827,1136,1466,3994,1,8424,1621900.0,1424600.0,9144.6,96966.084,3152610.684,1621.9,1424.6,9.1446,96.96608400000001,3152.6106839999998,6328374.589368,Partially Recyclable
1990.84,1835,1146,1476,3989,1,8447,1631100.0,1446000.0,11216.2,103668.184,3191984.384,1631.1,1446.0,11.2162,103.668184,3191.984384,6407246.736768,Partially Recyclable
1990.92,1848,1152,1486,4008,1,8495,1658600.0,1465300.0,19196.2,97716.184,3240812.384,1658.6,1465.3,19.1962,97.716184,3240.8123840000003,6505096.392767999,Partially Recyclable
1991.0,1849,1147,1492,3995,1,8484,1572500.0,1444200.0,16146.3,97716.184,3130562.4839999997,1572.5,1444.2,16.1463,97.716184,3130.5624839999996,6284354.092967999,Partially Recyclable
1991.09,1857,1152,1498,3984,1,8492,1570800.0,1457600.0,11314.3,97772.184,3137486.4839999997,1570.8,1457.6,11.3143,97.772184,3137.4864839999996,6298231.940967999,Partially Recyclable
1991.16,1865,1160,1491,4092,1,8609,1570000.0,1469800.0,9710.800000000001,99219.488,3148730.2879999997,1570.0,1469.8,9.7108,99.219488,3148.7302879999997,6320976.036575998,Partially Recyclable
1991.25,1873,1160,1492,4065,1,8591,1756100.0,1468900.0,9050.8,99219.488,3333270.2879999997,1756.1,1468.9,9.050799999999999,99.219488,3333.2702879999997,6690389.116575999,Partially Recyclable
1991.33,1879,1162,1496,4355,1,8893,1678500.0,1466700.0,9437.300000000001,100131.488,3254768.7879999997,1678.5,1466.7,9.4373,100.131488,3254.768788,6533833.113576,Partially Recyclable
1991.42,1877,1160,1528,4339,1,8905,1665500.0,1464900.0,9988.800000000001,100131.488,3240520.2879999997,1665.5,1464.9,9.988800000000001,100.131488,3240.5202879999997,6505331.616576,Partially Recyclable
1991.5,1891,1166,1549,4332,1,8939,1589800.0,1477900.0,11092.5,98410.488,3177202.988,1589.8,1477.9,11.0925,98.410488,3177.202988,6378638.381976,Partially Recyclable
1991.58,1897,1173,1537,4321,1,8929,1680800.0,1483300.0,10520.0,98410.388,3273030.388,1680.8,1483.3,10.52,98.41038800000001,3273.0303879999997,6570464.8367759995,Partially Recyclable
1991.67,1905,1176,1510,4299,1,8891,1685900.0,1492100.0,10361.7,97660.288,3286021.9880000004,1685.9,1492.1,10.3617,97.660288,3286.0219880000004,6596398.019976,Partially Recyclable
1991.75,1907,1178,1498,4281,1,8865,1613400.0,1499900.0,9816.599999999999,97660.088,3220776.688,1613.4,1499.9,9.8166,97.660088,3220.776688,6465724.929376001,Partially Recyclable
1991.84,1919,1177,1498,4259,1,8854,1700600.0,1501400.0,12364.7,97659.988,3312024.688,1700.6,1501.4,12.364700000000001,97.659988,3312.024688,6648381.425376,Partially Recyclable
1991.92,1921,1180,1499,4262,1,8863,1699300.0,1510800.0,11764.5,105030.988,3326895.488,1699.3,1510.8,11.7645,105.030988,3326.895488,6678170.766975999,Partially Recyclable
1992.0,1926,1179,1498,4244,1,8848,1717400.0,1514900.0,12176.3,98525.988,3343002.2879999997,1717.4,1514.9,12.1763,98.525988,3343.0022879999997,6710386.580576001,Partially Recyclable
1992.09,1919,1179,1511,4268,1,8878,1615300.0,1510600.0,11379.8,100400.988,3237680.7879999997,1615.3,1510.6,11.3798,100.400988,3237.6807879999997,6499592.937576,Partially Recyclable
1992.17,1920,1182,1501,4255,1,8859,1701200.0,1514600.0,11379.0,100400.888,3327579.888,1701.2,1514.6,11.379,100.40088800000001,3327.5798879999998,6679532.935775999,Partially Recyclable
1992.25,1924,1190,1497,4245,1,8857,1709100.0,1531100.0,12592.6,100400.888,3353193.488,1709.1,1531.1,12.592600000000001,100.40088800000001,3353.193488,6730807.362975999,Partially Recyclable
1992.33,1925,1188,1488,4240,1,8842,1711800.0,1520600.0,11568.2,100400.888,3344369.088,1711.8,1520.6,11.568200000000001,100.40088800000001,3344.369088,6713110.914175998,Partially Recyclable
1992.42,1933,1190,1494,4237,1,8855,1715200.0,1524800.0,11525.4,100400.888,3351926.2879999997,1715.2,1524.8,11.5254,100.40088800000001,3351.9262879999997,6728266.428575999,Partially Recyclable
1992.5,1952,1203,1510,4245,1,8911,1824500.0,1550100.0,14138.3,100460.888,3489199.1879999996,1824.5,1550.1,14.1383,100.46088800000001,3489.1991879999996,7003198.774375998,Partially Recyclable
1992.58,1959,1210,1515,4244,1,8929,1741500.0,1559300.0,12539.4,99605.888,3412945.2879999997,1741.5,1559.3,12.539399999999999,99.60588800000001,3412.945288,6850574.466575999,Partially Recyclable
1992.67,1961,1211,1522,4269,1,8964,1736200.0,1558200.0,12988.4,99665.588,3407053.988,1736.2,1558.2,12.9884,99.665588,3407.053988,6838850.083976001,Partially Recyclable
1992.75,1973,1221,1552,4267,1,9014,1747900.0,1575300.0,14436.4,99665.588,3437301.988,1747.9,1575.3,14.436399999999999,99.665588,3437.3019879999997,6899506.579976,Partially Recyclable
1992.84,1975,1227,1548,4250,1,9001,1731600.0,1591700.0,14548.0,99665.588,3437513.588,1731.6,1591.7,14.548,99.665588,3437.513588,6899904.203176,Partially Recyclable
1992.92,1982,1234,1563,4522,1,9302,1755200.0,1603900.0,13903.6,108624.588,3481628.188,1755.2,1603.9,13.9036,108.624588,3481.628188,6988823.632376,Partially Recyclable
1993.0,1987,1235,1554,4518,1,9295,1774900.0,1598000.0,13247.2,108674.588,3494821.788,1774.9,1598.0,13.247200000000001,108.674588,3494.821788,7015223.219576001,Partially Recyclable
1993.09,1990,1240,1554,4518,1,9303,1681700.0,1602900.0,14106.5,115174.688,3413881.188,1681.7,1602.9,14.1065,115.17468799999999,3413.8811880000003,6853196.138376,Partially Recyclable
1993.16,1995,1245,1556,4692,1,9489,1678400.0,1611900.0,13422.4,117589.007,3421311.407,1678.4,1611.9,13.4224,117.589007,3421.311407,6868443.436814001,Partially Recyclable
1993.25,1999,1249,1564,4705,1,9518,1847900.0,1615100.0,13567.8,125608.907,3602176.707,1847.9,1615.1,13.5678,125.608907,3602.176707,7230593.767414,Partially Recyclable
1993.33,2008,1252,1563,4702,1,9526,1777600.0,1615900.0,13966.0,125608.907,3533074.907,1777.6,1615.9,13.966,125.608907,3533.074907,7092267.963814001,Partially Recyclable
1993.42,2018,1253,1577,4696,1,9545,1786900.0,1610400.0,14012.3,119308.807,3530621.107,1786.9,1610.4,14.0123,119.308807,3530.621107,7087393.456214,Partially Recyclable
1993.5,2022,1256,1571,4701,1,9551,1793400.0,1613900.0,13600.1,125817.64,3546717.74,1793.4,1613.9,13.600100000000001,125.81764,3546.71774,7119630.915480002,Partially Recyclable
1993.58,2024,1261,1575,4698,1,9559,1703200.0,1617300.0,14145.0,119317.64,3453962.64,1703.2,1617.3,14.145,119.31764,3453.96264,6933951.205279999,Partially Recyclable
1993.67,2036,1264,1596,4697,1,9594,1802500.0,1633400.0,14762.9,119317.64,3569980.54,1802.5,1633.4,14.7629,119.31764,3569.98054,7166289.041080001,Partially Recyclable
1993.75,2039,1270,1601,4746,1,9657,1804500.0,1644000.0,14119.5,121817.64,3584437.14,1804.5,1644.0,14.1195,121.81764,3584.43714,7195357.15428,Partially Recyclable
1993.84,2043,1272,1591,4745,1,9652,1807000.0,1640200.0,13374.0,121817.64,3582391.64,1807.0,1640.2,13.374,121.81764,3582.3916400000003,7191252.06328,Partially Recyclable
1993.92,2044,1274,1589,4742,1,9650,1797000.0,1639300.0,12874.7,128317.64,3577492.3400000003,1797.0,1639.3,12.8747,128.31764,3577.4923400000002,7181439.66468,Partially Recyclable
1994.0,2047,1280,1587,4739,1,9654,1724500.0,1651100.0,13785.5,121817.64,3511203.14,1724.5,1651.1,13.7855,121.81764,3511.20314,7048736.68628,Partially Recyclable
1994.09,2067,1283,1589,4739,1,9679,1818800.0,1660800.0,14509.3,123317.64,3617426.94,1818.8,1660.8,14.5093,123.31764,3617.42694,7261446.733879999,Partially Recyclable
1994.16,2071,1287,1604,4735,1,9698,1834000.0,1659700.0,12922.2,121817.64,3628439.8400000003,1834.0,1659.7,12.9222,121.81764,3628.4398400000005,7283532.559680001,Partially Recyclable
1994.25,2076,1289,1606,4745,1,9717,1835600.0,1672600.0,13782.9,123537.54,3645520.44,1835.6,1672.6,13.7829,123.53753999999999,3645.52044,7317765.920879999,Partially Recyclable
1994.33,2081,1291,1607,4747,1,9727,1767400.0,1676700.0,13838.8,123597.54,3581536.34,1767.4,1676.7,13.838799999999999,123.59754,3581.5363399999997,7189689.752680001,Partially Recyclable
1994.42,2085,1290,1611,4744,1,9731,1768800.0,1674900.0,14130.7,123597.54,3581428.24,1768.8,1674.9,14.130700000000001,123.59754,3581.42824,7189481.336480001,Partially Recyclable
1994.5,2093,1296,1619,4742,1,9751,1877300.0,1696100.0,15854.7,123597.54,3712852.24,1877.3,1696.1,15.854700000000001,123.59754,3712.85224,7452632.18448,Partially Recyclable
1994.58,2105,1306,1629,4740,1,9781,1809600.0,1722800.0,15949.6,123597.54,3671947.14,1809.6,1722.8,15.9496,123.59754,3671.94714,7370800.17428,Partially Recyclable
1994.67,2111,1305,1631,4739,1,9787,1987500.0,1720300.0,15815.0,123597.54,3847212.54,1987.5,1720.3,15.815,123.59754,3847.21254,7721693.5050800005,Partially Recyclable
1994.75,2114,1309,1624,4737,1,9785,1902500.0,1726100.0,15818.9,123597.44,3768016.34,1902.5,1726.1,15.8189,123.59744,3768.0163399999997,7563138.712679999,Partially Recyclable
1994.84,2123,1316,1632,4739,1,9811,1922200.0,1753400.0,15535.9,123657.44,3814793.34,1922.2,1753.4,15.5359,123.65744000000001,3814.7933399999997,7656838.26668,Partially Recyclable
1994.92,2132,1323,1640,4763,1,9859,1839500.0,1767700.0,15893.9,129757.44,3752851.34,1839.5,1767.7,15.8939,129.75744,3752.8513399999997,7532926.382679999,Partially Recyclable
1995.0,2135,1323,1631,4760,1,9850,1835100.0,1759500.0,13937.8,126757.44,3735295.2399999998,1835.1,1759.5,13.9378,126.75744,3735.29524,7497761.070479999,Partially Recyclable
1995.09,2144,1322,1636,4764,1,9867,1935800.0,1759500.0,13940.8,126757.458,3835998.258,1935.8,1759.5,13.9408,126.757458,3835.998258,7699402.512516,Partially Recyclable
1995.16,2151,1331,1653,4760,1,9896,1952900.0,1779500.0,15265.8,126757.454,3874423.2539999997,1952.9,1779.5,15.265799999999999,126.757454,3874.423254,7776387.354508,Partially Recyclable
1995.25,2151,1330,1654,4758,1,9894,1846300.0,1773600.0,14419.826,126757.454,3761077.28,1846.3,1773.6,14.419825999999999,126.757454,3761.07728,7549464.714559999,Partially Recyclable
1995.33,2155,1333,1649,4755,1,9893,1861100.0,1780100.0,14663.36,126807.454,3782670.814,1861.1,1780.1,14.66336,126.80745399999999,3782.6708139999996,7592692.969627999,Partially Recyclable
1995.42,2157,1335,1644,4751,1,9888,1944100.0,1785700.0,14493.66,126757.454,3871051.114,1944.1,1785.7,14.49366,126.757454,3871.051114,7769620.330228001,Partially Recyclable
1995.5,2167,1343,1642,4747,1,9900,2045500.0,1797400.0,15105.46,126757.454,3984762.914,2045.5,1797.4,15.105459999999999,126.757454,3984.762914,7997295.353828001,Partially Recyclable
1995.58,2174,1352,1645,4740,1,9912,1886100.0,1810400.0,15904.984,126757.424,3839162.4080000003,1886.1,1810.4,15.904984,126.757424,3839.162408,7705827.140816,Partially Recyclable
1995.67,2180,1353,1645,4735,1,9914,1994400.0,1815300.0,15295.984,126757.424,3951753.4080000003,1994.4,1815.3,15.295984,126.757424,3951.7534080000005,7931238.322816,Partially Recyclable
1995.75,2180,1355,1662,4736,1,9934,1986600.0,1827100.0,15497.56,126807.423,3956004.983,1986.6,1827.1,15.49756,126.807423,3956.004983,7939789.975966,Partially Recyclable
1995.84,2186,1357,1664,4735,1,9943,2081200.0,1834700.0,15551.02,126807.423,4058258.443,2081.2,1834.7,15.551020000000001,126.807423,4058.258443,8144519.402886,Partially Recyclable
1995.92,2196,1364,1665,4735,1,9961,1945200.0,1854700.0,15626.02,126867.426,3942393.446,1945.2,1854.7,15.62602,126.86742600000001,3942.393446,7912593.678892001,Partially Recyclable
1996.0,2200,1366,1665,4736,1,9968,2016400.0,1849800.0,16037.02,126868.132,4009105.1520000002,2016.4,1849.8,16.037020000000002,126.868132,4009.105152,8046164.514304,Partially Recyclable
1996.09,2210,1368,1664,4737,1,9980,2027000.0,1848100.0,16165.27,129328.132,4020593.4020000002,2027.0,1848.1,16.16527,129.328132,4020.5934020000004,8069187.990804,Partially Recyclable
1996.17,2214,1370,1668,4737,1,9990,2108800.0,1843400.0,15377.46,129328.132,4096905.592,2108.8,1843.4,15.37746,129.328132,4096.905592,8221984.995184001,Partially Recyclable
1996.25,2217,1378,1671,4735,1,10002,1967300.0,1862600.0,16179.63,129328.132,3975407.762,1967.3,1862.6,16.17963,129.328132,3975.4077620000003,7978770.339524,Partially Recyclable
1996.33,2233,1382,1706,4751,1,10073,2076300.0,1866300.0,16878.01,131048.132,4090526.142,2076.3,1866.3,16.87801,131.048132,4090.526142,8209379.3362839995,Partially Recyclable
1996.42,2231,1376,1714,5502,1,10824,2073700.0,1856100.0,16031.5,131148.13,4076979.63,2073.7,1856.1,16.0315,131.14813,4076.97963,8183761.219259999,Partially Recyclable
1996.5,2237,1382,1710,5507,1,10837,2080400.0,1866100.0,16258.3,131210.888,4093969.1879999996,2080.4,1866.1,16.2583,131.210888,4093.9691879999996,8217800.314375999,Partially Recyclable
1996.58,2247,1390,1717,5502,1,10857,2010900.0,1881200.0,17197.4,131210.786,4040508.1859999998,2010.9,1881.2,17.197400000000002,131.21078599999998,4040.5081859999996,8110811.388372,Partially Recyclable
1996.67,2255,1397,1733,5496,1,10882,2100600.0,1903900.0,18985.97,128750.784,4152236.754,2100.6,1903.9,18.985970000000002,128.750784,4152.2367540000005,8334541.981508001,Partially Recyclable
1996.75,2254,1396,1728,5482,1,10861,2004800.0,1899000.0,17381.9,128782.54,4049964.44,2004.8,1899.0,17.3819,128.78253999999998,4049.9644399999997,8129750.80888,Partially Recyclable
1996.84,2261,1398,1725,5461,1,10846,2107300.0,1903400.0,17614.88,128783.43,4157098.31,2107.3,1903.4,17.61488,128.78342999999998,4157.09831,8344202.816620001,Partially Recyclable
1996.92,2264,1401,1726,5450,1,10842,2122100.0,1912900.0,17504.4,128833.43,4181337.83,2122.1,1912.9,17.5044,128.83343,4181.33783,8392722.33566,Partially Recyclable
1997.0,2262,1398,1721,5418,1,10800,2115800.0,1909600.0,17703.2,128833.42,4171936.62,2115.8,1909.6,17.703200000000002,128.83342,4171.93662,8373817.11324,Partially Recyclable
1997.09,2270,1402,1721,5393,1,10787,2121800.0,1917700.0,17691.68,128833.42,4186025.1,2121.8,1917.7,17.69168,128.83342,4186.0251,8401996.2502,Partially Recyclable
1997.16,2272,1403,1717,5381,1,10774,2038700.0,1917300.0,17669.52,128833.42,4102502.94,2038.7,1917.3,17.669520000000002,128.83342,4102.50294,8234758.88588,Partially Recyclable
1997.25,2279,1407,1718,5361,1,10766,2123300.0,1923200.0,18047.1,128833.42,4193380.52,2123.3,1923.2,18.047099999999997,128.83342,4193.38052,8416679.80104,Partially Recyclable
1997.33,2288,1414,1715,5337,1,10755,2137500.0,1934800.0,19014.68,128893.38,4220208.0600000005,2137.5,1934.8,19.014680000000002,128.89338,4220.208060000001,8470366.536120001,Partially Recyclable
1997.42,2298,1418,1714,5334,1,10765,2062500.0,1943500.0,18272.29,131893.35,4156165.64,2062.5,1943.5,18.27229,131.89335,4156.16564,8342173.61128,Partially Recyclable
1997.5,2307,1418,1713,5321,1,10760,2161500.0,1935700.0,17958.69,131893.35,4247052.04,2161.5,1935.7,17.958689999999997,131.89335,4247.0520400000005,8524118.18408,Partially Recyclable
1997.58,2320,1427,1716,5300,1,10764,2176400.0,1954600.0,19295.43,128893.35,4279188.78,2176.4,1954.6,19.29543,128.89335,4279.18878,8588463.937560001,Partially Recyclable
1997.67,2338,1433,1718,5288,1,10778,2174200.0,1960400.0,18891.24,135893.34,4289384.58,2174.2,1960.4,18.891240000000003,135.89334,4289.38458,8608903.92916,Partially Recyclable
1997.75,2348,1439,1712,5265,1,10765,2209300.0,1972900.0,33865.47,128893.34,4344958.81,2209.3,1972.9,33.86547,128.89334,4344.958809999999,8720137.53762,Partially Recyclable
1997.84,2360,1443,1719,5315,1,10838,2222300.0,1980800.0,34754.49,130814.95,4368669.44,2222.3,1980.8,34.75449,130.81495,4368.669440000001,8767752.218880001,Partially Recyclable
1997.92,2384,1452,1720,5293,1,10850,2247600.0,2001500.0,22039.27,134524.95,4405664.22,2247.6,2001.5,22.039270000000002,134.52495000000002,4405.66422,8841839.768439999,Partially Recyclable
1998.0,2383,1450,1709,5270,1,10813,2243000.0,1986100.0,20260.31,133275.87,4382636.18,2243.0,1986.1,20.26031,133.27587,4382.6361799999995,8795663.632359998,Partially Recyclable
1998.09,2402,1449,1713,5389,1,10954,2177100.0,1981600.0,20256.31,140845.83,4319802.14,2177.1,1981.6,20.256310000000003,140.84582999999998,4319.80214,8670151.884279996,Partially Recyclable
1998.16,2409,1452,1719,5385,1,10966,2181800.0,1989300.0,20202.08,139456.64,4330758.72,2181.8,1989.3,20.202080000000002,139.45664000000002,4330.75872,8692110.95744,Partially Recyclable
1998.25,2424,1453,1722,5368,1,10968,2270200.0,1990600.0,21650.88,139456.59,4421907.47,2270.2,1990.6,21.65088,139.45659,4421.90747,8874594.75494,Partially Recyclable
1998.33,2435,1455,1722,5351,1,10964,2276000.0,2002000.0,22501.14,139456.57,4439957.71,2276.0,2002.0,22.50114,139.45657,4439.95771,8910723.33542,Partially Recyclable
1998.42,2443,1455,1710,5330,1,10939,2286100.0,1996900.0,21032.65,136485.93,4440518.58,2286.1,1996.9,21.03265,136.48593,4440.51858,8911796.19716,Partially Recyclable
1998.5,2453,1455,1711,5317,1,10937,2211000.0,2005600.0,21019.51,136484.75,4374104.26,2211.0,2005.6,21.019509999999997,136.48475,4374.10426,8778830.728519998,Partially Recyclable
1998.58,2465,1458,1711,5316,1,10951,2221100.0,2012200.0,22013.06,136544.74,4391857.8,2221.1,2012.2,22.013060000000003,136.54474,4391.8578,8814401.315599998,Partially Recyclable
1998.67,2479,1460,1701,5305,1,10946,2220200.0,2013500.0,20945.44,136544.72,4391190.16,2220.2,2013.5,20.945439999999998,136.54472,4391.19016,8813054.70032,Partially Recyclable
1998.75,2494,1460,1697,5288,1,10940,2323500.0,2012200.0,20942.74,136486.33,4493129.07,2323.5,2012.2,20.94274,136.48632999999998,4493.12907,9017124.398140002,Partially Recyclable
1998.84,2500,1461,1694,5271,1,10927,2657500.0,2014100.0,20814.03,136486.32,4828900.350000001,2657.5,2014.1,20.81403,136.48632,4828.900350000001,9689312.5007,Partially Recyclable
1998.92,2510,1467,1698,5255,1,10931,2678100.0,2023300.0,21129.93,136486.3,4859016.2299999995,2678.1,2023.3,21.12993,136.4863,4859.016229999999,9749612.492460001,Partially Recyclable
1999.0,2509,1464,1683,5232,1,10889,2590900.0,2017100.0,19635.742,136486.3,4764122.041999999,2590.9,2017.1,19.635741999999997,136.4863,4764.122041999999,9559550.328084,Partially Recyclable
1999.09,2520,1468,1687,5202,1,10878,2605000.0,2028700.0,21646.742,136486.28,4791833.022,2605.0,2028.7,21.646742,136.48628,4791.833022,9615005.710043998,Partially Recyclable
1999.16,2523,1470,1682,5191,1,10867,2595600.0,2032500.0,21540.742,136546.03,4786186.772,2595.6,2032.5,21.540741999999998,136.54603,4786.186772,9603679.917544,Partially Recyclable
1999.25,2537,1474,1686,5201,1,10899,2612100.0,2039100.0,20062.94,137946.03,4809208.970000001,2612.1,2039.1,20.062939999999998,137.94603,4809.208970000001,9649834.35794,Partially Recyclable
1999.33,2548,1476,1697,5239,1,10961,2703000.0,2047200.0,23525.11,140696.03,4914421.140000001,2703.0,2047.2,23.52511,140.69603,4914.42114,9860593.122280002,Partially Recyclable
1999.42,2556,1474,1700,5210,1,10941,2705400.0,2050500.0,24075.53,140696.03,4920671.5600000005,2705.4,2050.5,24.07553,140.69603,4920.671560000001,9873066.463120002,Partially Recyclable
1999.5,2567,1475,1701,5182,1,10926,2729600.0,2051300.0,23516.499,140696.01,4945112.509,2729.6,2051.3,23.516499,140.69601,4945.112509,9921967.243017998,Partially Recyclable
1999.58,2569,1472,1693,5157,1,10892,2643200.0,2039800.0,22656.963,140695.91,4846352.873000001,2643.2,2039.8,22.656963,140.69591,4846.352873000001,9724182.451746,Partially Recyclable
1999.67,2581,1482,1699,5141,1,10904,2660500.0,2063000.0,24370.876,140695.91,4888566.786,2660.5,2063.0,24.370876,140.69591,4888.566786,9808718.705572,Partially Recyclable
1999.75,2589,1480,1693,5167,1,10930,2662100.0,2056000.0,22349.1,142105.91,4882555.01,2662.1,2056.0,22.3491,142.10591,4882.55501,9796735.130019998,Partially Recyclable
1999.84,2591,1480,1685,5159,1,10916,2663400.0,2061000.0,22179.1,145255.91,4891835.01,2663.4,2061.0,22.1791,145.25591,4891.83501,9815285.690019999,Partially Recyclable
1999.92,2606,1480,1682,5134,1,10903,2757700.0,2063000.0,22276.1,145315.91,4988292.01,2757.7,2063.0,22.2761,145.31591,4988.29201,10008366.60402,Reusable
2000.0,2616,1481,1682,5109,1,10889,2669200.0,2063600.0,22275.1,142165.75,4897240.85,2669.2,2063.6,22.2751,142.16575,4897.240849999999,9826054.181699999,Partially Recyclable
2000.09,2625,1485,1682,5095,1,10888,2788800.0,2078500.0,21882.1,142165.75,5031347.85,2788.8,2078.5,21.882099999999998,142.16575,5031.347849999999,10094534.3957,Reusable
2000.17,2627,1485,1687,5432,1,11232,2685900.0,2079500.0,23196.1,141165.75,4929761.85,2685.9,2079.5,23.196099999999998,141.16575,4929.76185,9891847.2237,Partially Recyclable
2000.25,2629,1485,1685,5412,1,11212,2701400.0,2081500.0,23249.1,141105.75,4947254.85,2701.4,2081.5,23.2491,141.10575,4947.254849999999,9926828.2097,Partially Recyclable
2000.33,2635,1488,1683,5388,1,11195,2807300.0,2086300.0,22392.029,141105.59,5057097.619,2807.3,2086.3,22.392028999999997,141.10559,5057.097619,10146699.433238003,Reusable
2000.42,2641,1491,1685,5378,1,11196,2714600.0,2100200.0,25392.329,141105.59,4981297.919,2714.6,2100.2,25.392329,141.10559,4981.297919,9994950.433837999,Partially Recyclable
2000.5,2647,1495,1685,5358,1,11186,2714300.0,2105900.0,24830.329,141105.59,4986135.919,2714.3,2105.9,24.830329000000003,141.10559,4986.135918999999,10004616.109838,Reusable
2000.58,2654,1494,1687,5345,1,11181,2744800.0,2105600.0,24321.329,141105.59,5015826.919,2744.8,2105.6,24.321329000000002,141.10559,5015.826919,10064047.491838,Reusable
2000.67,2668,1496,1692,5332,1,11189,2875400.0,2120800.0,24582.1,141165.49,5161947.59,2875.4,2120.8,24.582099999999997,141.16548999999998,5161.94759,10356597.075180002,Reusable
2000.75,2680,1506,1697,5314,1,11198,2896400.0,2150500.0,26124.5931,139725.66,5212750.2531,2896.4,2150.5,26.1245931,139.72566,5212.7502531,10458322.0067062,Reusable
2000.84,2685,1502,1676,5298,1,11162,2812200.0,2132000.0,25049.29313,137325.66,5106574.95313,2812.2,2132.0,25.04929313,137.32566,5106.574953130001,10245687.05616626,Reusable
2000.92,2688,1500,1672,5281,1,11142,2901800.0,2132500.0,25433.1,137325.66,5197058.76,2901.8,2132.5,25.4331,137.32566,5197.05876,10426795.63752,Reusable
2001.0,2691,1499,1671,5342,1,11204,2818400.0,2137100.0,24634.1,138815.66,5118949.76,2818.4,2137.1,24.6341,138.81566,5118.9497599999995,10270545.419519998,Reusable
2001.09,2695,1494,1675,5322,1,11187,2924900.0,2126300.0,24996.1,138755.56,5214951.659999999,2924.9,2126.3,24.9961,138.75556,5214.951659999999,10462707.223319998,Reusable
2001.16,2695,1491,1669,5312,1,11168,2923600.0,2121200.0,24972.1,138756.26,5208528.359999999,2923.6,2121.2,24.972099999999998,138.75626,5208.528359999999,10449809.776719999,Reusable
2001.25,2687,1491,1661,5297,1,11137,2814300.0,2124300.0,24900.1,138756.26,5102256.359999999,2814.3,2124.3,24.9001,138.75626,5102.256359999999,10236991.23272,Reusable
2001.33,2690,1493,1656,5275,1,11115,2813000.0,2136700.0,25625.1,138755.36,5114080.46,2813.0,2136.7,25.6251,138.75536,5114.08046,10260619.08092,Reusable
2001.42,2687,1495,1653,5273,1,11109,2701700.0,2134700.0,25513.1,138815.36,5000728.46,2701.7,2134.7,25.513099999999998,138.81536,5000.72846,10033676.37692,Reusable
2001.5,2693,1498,1655,5263,1,11110,2801700.0,2136700.0,25338.1,138867.69,5102605.79,2801.7,2136.7,25.338099999999997,138.86769,5102.60579,10237636.791579999,Reusable
2001.58,2698,1503,1659,5250,1,11111,2814200.0,2154400.0,26196.1,138867.59,5133663.6899999995,2814.2,2154.4,26.196099999999998,138.86759,5133.663689999999,10299816.70738,Reusable
2001.67,2699,1503,1647,5240,1,11090,2716400.0,2151200.0,24596.1,138867.49,5031063.59,2716.4,2151.2,24.5961,138.86749,5031.06359,10094369.307179999,Reusable
2001.75,2705,1507,1652,5227,1,11092,2721700.0,2162400.0,25638.7214,138867.38,5048606.1014,2721.7,2162.4,25.638721399999998,138.86738,5048.6061014,10129493.4150028,Reusable
2001.84,2704,1498,1640,5205,1,11048,2712800.0,2155300.0,24778.1,141816.48,5034694.58,2712.8,2155.3,24.7781,141.81648,5034.69458,10101554.549160002,Reusable
2001.92,2721,1499,1649,5572,1,11442,2831600.0,2163700.0,25595.5,144395.78,5165291.28,2831.6,2163.7,25.5955,144.39578,5165.29128,10363797.14256,Reusable
2002.0,2720,1496,1638,5537,1,11392,2719300.0,2156100.0,24339.2,144395.78,5044134.98,2719.3,2156.1,24.3392,144.39578,5044.134980000001,10121142.229960002,Reusable
2002.09,2727,1494,1636,5504,1,11362,2726800.0,2156300.0,24010.5,146115.77,5053226.27,2726.8,2156.3,24.0105,146.11577,5053.226269999999,10139282.99254,Reusable
2002.16,2731,1496,1631,5458,1,11317,2851400.0,2165400.0,25677.1,144395.79,5186872.89,2851.4,2165.4,25.6771,144.39579,5186.87289,10406753.52578,Reusable
2002.25,2732,1494,1627,5407,1,11261,2842900.0,2158900.0,25976.1,144396.49,5172172.59,2842.9,2158.9,25.9761,144.39649,5172.17259,10377211.52518,Reusable
2002.33,2734,1495,1635,5359,1,11224,2753600.0,2159000.0,26127.1,144397.19,5083124.29,2753.6,2159.0,26.1271,144.39719,5083.12429,10198862.828580001,Reusable
2002.42,2739,1495,1636,5330,1,11201,2878100.0,2163500.0,26127.1,144397.19,5212124.29,2878.1,2163.5,26.1271,144.39719,5212.12429,10457074.828580001,Reusable
2002.5,2741,1496,1640,5326,1,11204,2757000.0,2161700.0,25746.1,146117.97,5090564.069999999,2757.0,2161.7,25.7461,146.11797,5090.564069999999,10213717.268139996,Reusable
2002.58,2744,1494,1643,5317,1,11199,2763200.0,2159400.0,24950.2,143117.97,5090668.17,2763.2,2159.4,24.950200000000002,143.11797,5090.66817,10213915.676339999,Reusable
2002.67,2750,1498,1647,5296,1,11192,2776300.0,2171900.0,24898.9,143117.97,5116216.87,2776.3,2171.9,24.8989,143.11797,5116.21687,10265050.173740001,Reusable
2002.75,2752,1496,1647,5277,1,11173,2877700.0,2174800.0,25699.7,143117.97,5221317.67,2877.7,2174.8,25.6997,143.11797,5221.31767,10475423.97534,Reusable
2002.84,2757,1496,1648,5255,1,11157,2876100.0,2177500.0,24898.0,143117.97,5221615.97,2876.1,2177.5,24.898,143.11797,5221.61597,10475989.171939999,Reusable
2002.92,2773,1498,1646,5291,1,11209,2888200.0,2184700.0,26616.0,143147.47,5242663.47,2888.2,2184.7,26.616,143.14747,5242.6634699999995,10518230.266939998,Reusable
2003.0,2777,1497,1643,5274,1,11192,2901300.0,2175100.0,26678.0,143147.47,5246225.47,2901.3,2175.1,26.678,143.14747,5246.225469999999,10525327.39094,Reusable
2003.09,2776,1494,1639,5262,1,11172,2902700.0,2167200.0,26265.0,143147.47,5239312.47,2902.7,2167.2,26.265,143.14747,5239.31247,10511447.564939998,Reusable
2003.16,2777,1497,1647,5252,1,11174,2792100.0,2169900.0,26271.0,143148.17,5131419.17,2792.1,2169.9,26.271,143.14817000000002,5131.41917,10295449.17834,Reusable
2003.25,2784,1504,1649,5283,1,11221,2811900.0,2185300.0,27840.0,143208.13,5168248.13,2811.9,2185.3,27.84,143.20813,5168.24813,10369274.75626,Reusable
2003.33,2787,1502,1644,5276,1,11210,2814600.0,2179800.0,26739.0,143208.13,5164347.13,2814.6,2179.8,26.739,143.20813,5164.34713,10361442.954260001,Reusable
2003.42,2802,1508,1643,5264,1,11218,2828500.0,2190900.0,28682.0,143208.13,5191290.13,2828.5,2190.9,28.682,143.20813,5191.29013,10415398.84026,Reusable
2003.5,2802,1507,1642,5263,1,11215,2830900.0,2188700.0,28682.0,141799.39,5190081.39,2830.9,2188.7,28.682,141.79939000000002,5190.081389999999,10412972.94278,Reusable
2003.58,2809,1510,1646,5346,1,11312,2851600.0,2196100.0,28331.0,141861.49,5217892.49,2851.6,2196.1,28.331,141.86149,5217.89249,10468844.76498,Reusable
2003.67,2816,1509,1645,5341,1,11312,2848000.0,2194300.0,29245.0,141861.49,5213406.49,2848.0,2194.3,29.245,141.86149,5213.40649,10459863.79298,Reusable
2003.75,2824,1515,1664,5331,1,11335,2870100.0,2209400.0,28956.0,141861.49,5250317.49,2870.1,2209.4,28.956,141.86149,5250.31749,10533805.614980001,Reusable
2003.84,2825,1513,1664,5291,1,11294,2855300.0,2209800.0,29755.0,141911.48,5236766.48,2855.3,2209.8,29.755,141.91148,5236.76648,10506594.492960004,Reusable
2003.92,2832,1519,1655,5268,1,11275,2858200.0,2215400.0,31107.0,148661.48,5253368.48,2858.2,2215.4,31.107,148.66148,5253.36848,10539793.696960002,Reusable
2004.0,2832,1518,1653,5238,1,11242,2866500.0,2212600.0,30306.0,138781.48,5248187.48,2866.5,2212.6,30.306,138.78148000000002,5248.1874800000005,10529355.33496,Reusable
2004.09,2832,1521,1652,5245,1,11251,2859200.0,2220100.0,30534.0,141931.48,5251765.48,2859.2,2220.1,30.534,141.93148000000002,5251.76548,10536536.49096,Reusable
2004.17,2836,1524,1655,5260,1,11276,2870700.0,2226100.0,32736.0,141935.16,5271471.16,2870.7,2226.1,32.736,141.93516,5271.47116,10576037.262319999,Reusable
2004.25,2840,1526,1660,5324,1,11351,2883500.0,2231900.0,32496.0,139614.46,5287510.46,2883.5,2231.9,32.496,139.61445999999998,5287.5104599999995,10608297.94092,Reusable
2004.33,2844,1525,1657,5313,1,11340,2895300.0,2229200.0,31365.0,139614.46,5295479.46,2895.3,2229.2,31.365,139.61445999999998,5295.47946,10624229.87892,Reusable
2004.42,2853,1524,1665,5315,1,11358,2905800.0,2231600.0,32657.0,139620.07,5309677.07,2905.8,2231.6,32.657,139.62007,5309.677070000001,10652689.49414,Reusable
2004.5,2856,1528,1663,5346,1,11394,2906400.0,2235200.0,32217.7,139680.06,5313497.76,2906.4,2235.2,32.2177,139.68006,5313.49776,10660410.515519999,Reusable
2004.58,2860,1530,1671,5350,1,11412,2915500.0,2242100.0,33513.2,139680.06,5330793.26,2915.5,2242.1,33.5132,139.68006,5330.7932599999995,10695072.106519999,Reusable
2004.67,2867,1533,1681,5343,1,11425,2928600.0,2250600.0,34316.2,138430.06,5351946.26,2928.6,2250.6,34.316199999999995,138.43006,5351.94626,10737446.412519997,Reusable
2004.75,2870,1533,1685,5341,1,11430,2943500.0,2255000.0,35062.2,138480.06,5372042.26,2943.5,2255.0,35.0622,138.48006,5372.04226,10777688.60452,Reusable
2004.84,2872,1535,1687,5331,1,11426,2938800.0,2253800.0,34207.7,138479.36,5365287.0600000005,2938.8,2253.8,34.207699999999996,138.47935999999999,5365.287060000001,10764156.694120001,Reusable
2004.92,2884,1540,1685,5324,1,11434,2955800.0,2265300.0,35116.7,138478.66,5394695.36,2955.8,2265.3,35.116699999999994,138.47866,5394.695360000001,10823048.110720001,Reusable
2005.0,2885,1534,1683,5326,1,11429,2949300.0,2255100.0,34260.7,138617.26,5377277.96,2949.3,2255.1,34.2607,138.61726000000002,5377.27796,10788168.475920001,Reusable
2005.09,2891,1535,1680,5324,1,11431,2955200.0,2262600.0,40849.0,138617.26,5397266.26,2955.2,2262.6,40.849,138.61726000000002,5397.266259999999,10828189.052519998,Reusable
2005.16,2893,1536,1683,5320,1,11433,2966800.0,2269600.0,41705.7,138616.56,5416722.26,2966.8,2269.6,41.7057,138.61656,5416.72226,10867143.964520002,Reusable
2005.25,2898,1538,1680,5318,1,11435,2987000.0,2274300.0,40849.7,138675.86,5440825.5600000005,2987.0,2274.3,40.8497,138.67586,5440.82556,10915402.771120002,Reusable
2005.33,2902,1540,1688,5314,1,11445,2992900.0,2273600.0,42335.0,138615.86,5447450.86,2992.9,2273.6,42.335,138.61586,5447.45086,10928686.621720001,Reusable
2005.42,2904,1543,1693,5413,1,11554,3006200.0,2283700.0,43193.0,140685.86,5473778.86,3006.2,2283.7,43.193,140.68586,5473.77886,10981613.27772,Reusable
2005.5,2904,1540,1698,5393,1,11536,3096900.0,2276400.0,42397.0,140685.86,5556382.86,3096.9,2276.4,42.397,140.68586,5556.382860000001,11146950.485720001,Reusable
2005.58,2911,1544,1710,5377,1,11543,3113300.0,2288800.0,41806.7,140685.86,5584592.5600000005,3113.3,2288.8,41.8067,140.68586,5584.592560000001,11203440.305120004,Reusable
2005.67,2914,1549,1700,5367,1,11531,3028800.0,2292700.0,42978.0,140685.86,5505163.86,3028.8,2292.7,42.978,140.68586,5505.163860000001,11044400.047720002,Reusable
2005.75,2924,1549,1703,5361,1,11538,3043200.0,2297600.0,43478.0,140685.86,5524963.86,3043.2,2297.6,43.478,140.68586,5524.963860000001,11084053.64772,Reusable
2005.84,2922,1546,1697,5352,1,11518,3024400.0,2288000.0,43943.0,140685.86,5497028.86,3024.4,2288.0,43.943,140.68586,5497.02886,11028087.777720002,Reusable
2005.92,2929,1552,1703,5341,1,11526,3039000.0,2303300.0,45870.0,140685.16,5528855.16,3039.0,2303.3,45.87,140.68516,5528.85516,11091820.03032,Reusable
2006.0,2929,1547,1702,5336,1,11515,3040600.0,2295600.0,45814.0,140685.16,5522699.16,3040.6,2295.6,45.814,140.68516,5522.69916,11079473.718319999,Reusable
2006.09,2933,1549,1702,5333,1,11518,3049700.0,2300000.0,45760.0,140686.56,5536146.56,3049.7,2300.0,45.76,140.68656,5536.146559999999,11106401.413119998,Reusable
2006.16,2936,1550,1703,5329,1,11519,3056900.0,2301400.0,46284.0,140626.56,5545210.56,3056.9,2301.4,46.284,140.62655999999998,5545.2105599999995,11124549.54112,Reusable
2006.25,2947,1557,1708,5327,1,11540,3067000.0,2310900.0,46463.0,140626.56,5564989.56,3067.0,2310.9,46.463,140.62655999999998,5564.98956,11164189.09912,Reusable
2006.33,2950,1557,1714,5374,1,11596,3069800.0,2311500.0,46935.7,142036.56,5570272.26,3069.8,2311.5,46.9357,142.03656,5570.27226,11174877.064520001,Reusable
2006.42,2959,1565,1715,5488,1,11728,3095000.0,2330300.0,47625.7,142036.56,5614962.26,3095.0,2330.3,47.625699999999995,142.03656,5614.962259999999,11264610.444520002,Reusable
2006.5,2960,1565,1721,5474,1,11721,3190500.0,2324000.0,47130.4,142036.56,5703666.96,3190.5,2324.0,47.1304,142.03656,5703.66696,11442183.25392,Reusable
2006.58,2962,1566,1716,5516,1,11761,3093600.0,2326000.0,48884.4,145046.8,5613531.2,3093.6,2326.0,48.8844,145.0468,5613.5312,11261811.4624,Reusable
2006.67,2971,1574,1733,5508,1,11787,3207400.0,2342400.0,48840.4,145106.1,5743746.5,3207.4,2342.4,48.8404,145.1061,5743.7465,11522554.493,Reusable
2006.75,2976,1576,1729,5503,1,11785,3132600.0,2347200.0,49004.7,145105.4,5673910.100000001,3132.6,2347.2,49.0047,145.1054,5673.910100000001,11382738.0202,Reusable
2006.84,2978,1574,1729,5586,1,11868,3131100.0,2341400.0,50293.1,154955.4,5677748.5,3131.1,2341.4,50.293099999999995,154.9554,5677.7485,11390588.497,Reusable
2006.92,2997,1583,1738,5567,1,11886,3251600.0,2357600.0,53075.5,149025.4,5811300.9,3251.6,2357.6,53.0755,149.0254,5811.3009,11657996.4018,Reusable
2007.0,3000,1579,1733,9054,1,15367,3157000.0,2347600.0,52273.4,150445.4,5707318.800000001,3157.0,2347.6,52.2734,150.4454,5707.318800000001,11456786.2376,Reusable
2007.09,3003,1575,1749,9274,1,15602,3152600.0,2338400.0,52229.9,157454.7,5700684.600000001,3152.6,2338.4,52.2299,157.4547,5700.6846000000005,11443974.569200002,Reusable
2007.16,3011,1577,1748,9272,1,15609,3160100.0,2343100.0,52733.9,157454.7,5713388.600000001,3160.1,2343.1,52.7339,157.4547,5713.3886,11469421.9772,Reusable
2007.25,3030,1583,1747,9265,1,15626,3163800.0,2355000.0,54021.1,157454.7,5730275.8,3163.8,2355.0,54.0211,157.4547,5730.275799999999,11503264.151600001,Reusable
2007.33,3039,1587,1742,9261,1,15630,3179600.0,2366100.0,54503.1,157454.72,5757657.819999999,3179.6,2366.1,54.503099999999996,157.45472,5757.657819999999,11558090.955639997,Reusable
2007.42,3044,1592,1757,9259,1,15653,3286200.0,2381800.0,54513.9,157456.12,5879970.0200000005,3286.2,2381.8,54.5139,157.45612,5879.970020000001,11803005.98004,Reusable
2007.5,3045,1593,1750,9256,1,15645,3203000.0,2382400.0,56474.0,157456.12,5799330.12,3203.0,2382.4,56.474,157.45612,5799.3301200000005,11641548.900239998,Reusable
2007.58,3047,1593,1747,9250,1,15638,3312500.0,2383200.0,56940.0,157456.12,5910096.12,3312.5,2383.2,56.94,157.45612,5910.09612,11863288.432239998,Reusable
2007.67,3049,1596,1752,9232,1,15630,3209900.0,2388600.0,57541.0,157456.12,5813497.12,3209.9,2388.6,57.541,157.45612,5813.49712,11669881.23424,Reusable
2007.75,3061,1605,1758,9227,1,15652,3311400.0,2411700.0,58477.0,157456.12,5939033.12,3311.4,2411.7,58.477,157.45612,5939.03312,11921248.30624,Reusable
2007.84,3064,1601,1762,9259,1,15687,3316500.0,2400100.0,60290.1,160949.06,5937839.159999999,3316.5,2400.1,60.290099999999995,160.94906,5937.8391599999995,11918927.99832,Reusable
2007.92,3074,1608,1769,9256,1,15708,3245800.0,2415300.0,62218.1,160947.66,5884265.76,3245.8,2415.3,62.2181,160.94766,5884.26576,11811716.051520001,Reusable
2008.0,3076,1608,1761,9253,1,15699,3253800.0,2410300.0,62547.4,160937.66,5887585.0600000005,3253.8,2410.3,62.5474,160.93766,5887.58506,11818343.290120002,Reusable
2008.09,3077,1609,1761,9425,1,15873,3349400.0,2412100.0,63837.4,161437.66,5986775.0600000005,3349.4,2412.1,63.8374,161.43766,5986.775060000001,12017269.67012,Reusable
2008.17,3081,1611,1759,9922,1,16374,3371600.0,2417600.0,63800.0,164137.66,6017137.66,3371.6,2417.6,63.8,164.13766,6017.13766,12079057.595320001,Reusable
2008.25,3098,1615,1762,9780,1,16256,3295200.0,2425500.0,64325.0,164137.66,5949162.66,3295.2,2425.5,64.325,164.13766,5949.16266,11942735.64532,Reusable
2008.33,3102,1616,1765,9731,1,16215,3384400.0,2429300.0,64270.0,164136.96,6042106.96,3384.4,2429.3,64.27,164.13696,6042.10696,12128728.13392,Reusable
2008.42,3113,1621,1771,9696,1,16202,3402600.0,2439600.0,65536.0,164136.96,6071872.96,3402.6,2439.6,65.536,164.13696,6071.87296,12188293.665919999,Reusable
2008.5,3116,1624,1776,9662,1,16179,3326700.0,2447300.0,65708.2,164153.06,6003861.26,3326.7,2447.3,65.70819999999999,164.15306,6003.86126,12052088.24252,Reusable
2008.58,3124,1624,1777,9611,1,16137,3336500.0,2445200.0,66887.2,164153.06,6012740.26,3336.5,2445.2,66.88719999999999,164.15306,6012.74026,12069780.000519998,Reusable
2008.67,3137,1631,1807,9545,1,16121,3370700.0,2465100.0,69050.8,164153.06,6069003.859999999,3370.7,2465.1,69.05080000000001,164.15306,6069.00386,12182387.727719998,Reusable
2008.75,3140,1635,1809,9486,1,16071,3360100.0,2466000.0,68259.7,164153.06,6058512.76,3360.1,2466.0,68.2597,164.15306,6058.51276,12161284.54552,Reusable
2008.84,3146,1635,1814,9424,1,16020,3473800.0,2466000.0,68247.4,164153.06,6172200.46,3473.8,2466.0,68.2474,164.15306,6172.20046,12388785.320920002,Reusable
2008.92,3154,1641,1831,9367,1,15994,3389800.0,2479900.0,70644.4,164151.66,6104496.0600000005,3389.8,2479.9,70.64439999999999,164.15166,6104.49606,12253189.112120004,Reusable
2009.0,3163,1641,1836,9336,1,15977,3390500.0,2480300.0,69842.4,164150.96,6104793.36,3390.5,2480.3,69.8424,164.15096,6104.793360000001,12253750.306720002,Reusable
2009.09,3172,1648,1841,11682,1,18344,3409300.0,2499600.0,72245.4,165610.96,6146756.36,3409.3,2499.6,72.24539999999999,165.61096,6146.75636,12342494.23272,Reusable
2009.16,3173,1649,1841,11700,1,18364,3494200.0,2497200.0,72190.2787,165671.01,6229261.288699999,3494.2,2497.2,72.1902787,165.67101,6229.2612887,12507709.099977398,Reusable
2009.25,3180,1654,1848,11685,1,18368,3421900.0,2507300.0,72695.1591,165671.01,6167566.1691,3421.9,2507.3,72.6951591,165.67101,6167.5661691,12384203.4705382,Reusable
2009.33,3189,1657,1846,11653,1,18346,3537300.0,2512300.0,73983.7,165669.61,6289253.3100000005,3537.3,2512.3,73.9837,165.66960999999998,6289.253310000001,12627777.126620002,Reusable
2009.42,3190,1654,1845,11625,1,18315,3433100.0,2507800.0,75216.7,165669.61,6181786.3100000005,3433.1,2507.8,75.2167,165.66960999999998,6181.78631,12412566.192620002,Reusable
2009.5,3207,1659,1853,11615,1,18335,3542700.0,2519300.0,75648.1546,165669.61,6303317.7646,3542.7,2519.3,75.6481546,165.66960999999998,6303.3177646,12655912.1647292,Reusable
2009.58,3208,1662,1852,11605,1,18328,3540500.0,2525600.0,77436.5501,166409.61,6309946.1601,3540.5,2525.6,77.43655009999999,166.40961,6309.9461601,12669168.212520199,Reusable
2009.67,3228,1668,1851,11594,1,18342,3578200.0,2539000.0,79113.33895,166409.61,6362722.94895,3578.2,2539.0,79.11333895,166.40961,6362.7229489500005,12774855.343797898,Reusable
2009.75,3231,1666,1852,11586,1,18336,3484000.0,2535200.0,79556.33895,166409.61,6265165.94895,3484.0,2535.2,79.55633895000001,166.40961,6265.16594895,12579534.229797898,Reusable
2009.84,3238,1670,1863,11572,1,18344,3587600.0,2546300.0,80852.0,166409.61,6381161.61,3587.6,2546.3,80.852,166.40961,6381.16161,12811773.54322,Reusable
2009.92,3247,1675,1879,11560,1,18362,3502900.0,2560400.0,83053.0233,166409.61,6312762.6333,3502.9,2560.4,83.0530233,166.40961,6312.7626333,12674874.791866599,Reusable
2010.0,3248,1675,1871,11548,1,18343,3501000.0,2558100.0,83539.0233,166409.51,6309048.533299999,3501.0,2558.1,83.5390233,166.40951,6309.0485333,12667401.163666598,Reusable
2010.09,3250,1677,1868,11542,1,18338,3597600.0,2558900.0,84789.0,169128.81,6410417.81,3597.6,2558.9,84.789,169.12881,6410.41781,12870332.45562,Reusable
2010.16,3256,1681,1879,11524,1,18341,3520300.0,2568300.0,86974.0,169128.81,6344702.81,3520.3,2568.3,86.974,169.12881,6344.70281,12738777.02562,Reusable
2010.25,3260,1685,1875,11495,1,18316,3642300.0,2575700.0,87563.0,169128.11,6474691.11,3642.3,2575.7,87.563,169.12811,6474.691110000001,12998963.60222,Reusable
2010.33,3265,1682,1873,11484,1,18305,3634000.0,2571900.0,88062.0,169127.41,6463089.41,3634.0,2571.9,88.062,169.12741,6463.0894100000005,12975714.998820001,Reusable
2010.42,3278,1691,1881,11559,1,18410,3574300.0,2592200.0,87494.0,170417.41,6424411.41,3574.3,2592.2,87.494,170.41741,6424.41141,12898491.64282,Reusable
2010.5,3280,1691,1885,11546,1,18403,3566200.0,2593900.0,88885.1,169127.41,6418112.51,3566.2,2593.9,88.88510000000001,169.12741,6418.11251,12885867.245019998,Reusable
2010.58,3282,1693,1889,11510,1,18375,3561800.0,2599100.0,89386.1,169127.41,6419413.51,3561.8,2599.1,89.3861,169.12741,6419.413509999999,12888415.84702,Reusable
2010.67,3294,1700,1893,11506,1,18394,3582300.0,2615600.0,90600.1,168997.41,6457497.51,3582.3,2615.6,90.60010000000001,168.99741,6457.49751,12964698.015019998,Reusable
2010.75,3304,1704,1890,11598,1,18497,3596100.0,2620200.0,91086.4,173996.71,6481383.11,3596.1,2620.2,91.0864,173.99670999999998,6481.383110000001,13012722.98622,Reusable
2010.84,3320,1709,1896,11631,1,18557,3616800.0,2626400.0,92554.1,177059.15,6512813.25,3616.8,2626.4,92.5541,177.05915,6512.81325,13075766.1265,Reusable
2010.92,3330,1712,1892,11614,1,18549,3619500.0,2634900.0,94041.7,177059.01,6525500.71,3619.5,2634.9,94.04169999999999,177.05901,6525.50071,13101150.42142,Reusable
2011.0,3328,1711,1899,11601,1,18540,3640200.0,2640600.0,94250.3052,177059.01,6552109.3152,3640.2,2640.6,94.2503052,177.05901,6552.1093152,13154402.8490304,Reusable
2011.09,3328,1712,1903,11584,1,18528,3738700.0,2639400.0,94260.263,177059.0,6649419.263,3738.7,2639.4,94.26026300000001,177.059,6649.419263000001,13349193.364526,Reusable
2011.16,3327,1709,1899,11570,1,18506,3732700.0,2633300.0,94258.487,180119.0,6640377.487,3732.7,2633.3,94.25848699999999,180.119,6640.377487,13331047.728974,Reusable
2011.25,3332,1710,1894,11551,1,18488,3639600.0,2637100.0,94715.2577,177059.0,6548474.2577,3639.6,2637.1,94.7152577,177.059,6548.4742577,13147021.4639154,Reusable
2011.33,3336,1710,1891,11515,1,18453,3731300.0,2637900.0,95223.0,177058.9,6641481.9,3731.3,2637.9,95.223,177.0589,6641.481900000001,13333152.7638,Reusable
2011.42,3340,1716,1891,11481,1,18429,3747000.0,2649500.0,95223.0,177058.9,6668781.9,3747.0,2649.5,95.223,177.0589,6668.7819,13387759.3638,Reusable
2011.5,3356,1722,1903,11474,1,18456,3761500.0,2664400.0,96296.1999,177060.0,6699256.1999,3761.5,2664.4,96.2961999,177.06,6699.2561999,13448822.9121998,Reusable
2011.58,3365,1720,1909,11464,1,18459,3668800.0,2665300.0,98167.1999,179030.0,6611297.1999,3668.8,2665.3,98.1671999,179.03,6611.2971999,13272734.994199801,Reusable
2011.67,3374,1727,1914,11441,1,18457,3690800.0,2689000.0,101264.1999,177109.3,6658173.4999,3690.8,2689.0,101.26419990000001,177.1093,6658.1734999,13366577.346799802,Reusable
2011.75,3388,1736,1912,11419,1,18456,3698100.0,2709600.0,102550.0,174050.05,6684300.05,3698.1,2709.6,102.55,174.05005,6684.30005,13418880.7001,Reusable
2011.84,3396,1739,1925,11360,1,18421,3707500.0,2714900.0,104750.0,174107.93,6701257.93,3707.5,2714.9,104.75,174.10792999999998,6701.25793,13452760.37586,Reusable
2011.92,3414,1738,1921,11343,1,18417,3712900.0,2701700.0,106030.0,177165.02,6697795.02,3712.9,2701.7,106.03,177.16502,6697.79502,13445819.630039997,Reusable
2012.0,3415,1739,1921,11288,1,18364,3725000.0,2702800.0,106030.0,177160.82,6710990.82,3725.0,2702.8,106.03,177.16082,6710.99082,13472131.62164,Reusable
2012.09,3424,1739,1920,11295,1,18379,3718400.0,2702700.0,108200.7,180220.11,6709520.8100000005,3718.4,2702.7,108.2007,180.22010999999998,6709.520810000001,13469218.66162,Reusable
2012.17,3428,1742,1920,11270,1,18361,3736600.0,2711500.0,110400.0,177220.11,6735720.11,3736.6,2711.5,110.4,177.22010999999998,6735.72011,13521633.660219999,Reusable
2012.25,3430,1741,1919,11238,1,18329,3752100.0,2707300.0,110450.0,177160.11,6747010.11,3752.1,2707.3,110.45,177.16010999999997,6747.01011,13544172.240220001,Reusable
2012.33,3439,1747,1940,11212,1,18339,3778800.0,2721200.0,113400.0,177160.1,6790560.1,3778.8,2721.2,113.4,177.1601,6790.5601,13631379.3202,Reusable
2012.42,3444,1747,1945,11186,1,18323,3784500.0,2729300.0,113400.0,177160.06,6804360.06,3784.5,2729.3,113.4,177.16006,6804.36006,13658974.84012,Reusable
2012.5,3458,1750,1941,11163,1,18313,3813000.0,2730400.0,115120.0,177159.33,6835679.33,3813.0,2730.4,115.12,177.15932999999998,6835.67933,13721656.01866,Reusable
2012.58,3465,1749,1938,11135,1,18288,3823000.0,2732600.0,115520.0,177159.33,6848279.33,3823.0,2732.6,115.52,177.15932999999998,6848.27933,13746831.218659999,Reusable
2012.67,3482,1751,1940,11107,1,18281,3830400.0,2739700.0,116660.0,177158.63,6863918.63,3830.4,2739.7,116.66,177.15863000000002,6863.91863,13778127.09726,Reusable
2012.75,3495,1757,1945,11200,1,18398,3830600.0,2756200.0,117160.0,178377.93,6882337.93,3830.6,2756.2,117.16,178.37793,6882.33793,13815236.535859998,Reusable
2012.84,3505,1761,1949,11165,1,18381,3832000.0,2764500.0,120610.0,178367.79,6895477.79,3832.0,2764.5,120.61,178.36779,6895.47779,13841508.53558,Reusable
2012.92,3510,1763,1947,11141,1,18362,3845900.0,2772300.0,122410.0,176016.37,6916626.37,3845.9,2772.3,122.41,176.01637,6916.62637,13883809.992740002,Reusable
2013.0,3515,1765,1947,11115,1,18343,3847300.0,2772800.0,116590.0,176014.97,6912704.97,3847.3,2772.8,116.59,176.01497,6912.70497,13875921.349940002,Reusable
2013.09,3532,1765,1944,11091,1,18333,3862800.0,2774400.0,116590.0,173514.27,6927304.27,3862.8,2774.4,116.59,173.51426999999998,6927.30427,13905129.14854,Reusable
2013.16,3535,1766,1946,11068,1,18316,3867600.0,2777800.0,117890.0,173514.26,6936804.26,3867.6,2777.8,117.89,173.51426,6936.80426,13924114.12852,Reusable
2013.25,3551,1770,1949,11038,1,18309,3874600.0,2783900.0,119172.8,173503.56,6951176.359999999,3874.6,2783.9,119.17280000000001,173.50356,6951.1763599999995,13952873.072719999,Reusable
2013.33,3554,1773,1949,11011,1,18288,3879400.0,2790600.0,120072.8,173503.56,6963576.359999999,3879.4,2790.6,120.0728,173.50356,6963.576359999999,13977655.872719998,Reusable
2013.42,3559,1778,1953,10983,1,18274,3897800.0,2803900.0,121312.8,172253.55,6995266.35,3897.8,2803.9,121.31280000000001,172.25355,6995.26635,14041071.2327,Reusable
2013.5,3565,1778,1952,10954,1,18250,3901100.0,2797300.0,121821.4,172253.45,6992474.850000001,3901.1,2797.3,121.8214,172.25345000000002,6992.4748500000005,14035434.649700003,Reusable
2013.58,3568,1776,1951,10930,1,18226,3919400.0,2802600.0,121721.4,172253.2,7015974.600000001,3919.4,2802.6,121.72139999999999,172.25320000000002,7015.9746000000005,14082433.149200002,Reusable
2013.67,3586,1784,1963,10926,1,18260,3937000.0,2811100.0,123022.1,176153.2,7047275.3,3937.0,2811.1,123.02210000000001,176.1532,7047.2753,14145165.1506,Reusable
2013.75,3586,1781,1967,10902,1,18237,3929700.0,2809200.0,123791.4,176153.2,7038844.600000001,3929.7,2809.2,123.7914,176.1532,7038.8446,14128240.8892,Reusable
2013.84,3657,1786,1970,10866,1,18280,3942200.0,2815100.0,125130.0,176153.2,7058583.2,3942.2,2815.1,125.13,176.1532,7058.5832,14167843.5664,Reusable
2013.92,3676,1789,1972,10832,1,18270,3941000.0,2821700.0,126881.4,176153.2,7065734.600000001,3941.0,2821.7,126.8814,176.1532,7065.734600000001,14182140.669200001,Reusable
2014.0,3677,1791,1965,10802,1,18236,3943000.0,2830100.0,126691.4,176152.4,7075943.800000001,3943.0,2830.1,126.69139999999999,176.1524,7075.943800000001,14202511.487600002,Reusable
2014.09,3721,1794,1965,10767,1,18248,3959800.0,2840000.0,128501.4,176152.4,7104453.800000001,3959.8,2840.0,128.5014,176.1524,7104.453800000001,14259612.507600002,Reusable
2014.16,3725,1797,1965,10782,1,18270,3970100.0,2850100.0,130300.7,172028.93,7122529.63,3970.1,2850.1,130.3007,172.02893,7122.52963,14295844.319259997,Reusable
2014.25,3740,1797,1969,10738,1,18245,3991300.0,2848800.0,131610.7,172947.51,7144658.21,3991.3,2848.8,131.6107,172.94751000000002,7144.65821,14340095.736420002,Reusable
2014.33,3748,1799,1978,10706,1,18232,4001900.0,2855000.0,131550.7,176254.71,7164705.41,4001.9,2855.0,131.5507,176.25471,7164.7054100000005,14380204.23082,Reusable
2014.42,3773,1793,1974,10669,1,18210,4006700.0,2845200.0,131661.4,176304.01,7159865.41,4006.7,2845.2,131.6614,176.30401,7159.86541,14370470.550819999,Reusable
2014.5,3784,1797,1965,10654,1,18201,4017300.0,2852200.0,131592.1,176353.79,7177445.89,4017.3,2852.2,131.59210000000002,176.35379,7177.44589,14405648.67178,Reusable
2014.58,3797,1798,1964,10664,1,18224,4027200.0,2853300.0,131541.4,176413.79,7188455.19,4027.2,2853.3,131.54139999999998,176.41379,7188.455190000001,14427735.290380001,Reusable
2014.67,3808,1805,1964,10644,1,18222,4048900.0,2870700.0,133340.7,175163.79,7228104.49,4048.9,2870.7,133.3407,175.16379,7228.104490000001,14507109.188980002,Reusable
2014.75,3813,1811,1967,10611,1,18203,4056300.0,2885900.0,133320.7,175163.78,7250684.48,4056.3,2885.9,133.32070000000002,175.16378,7250.684480000001,14552276.328960001,Reusable
2014.84,3814,1810,1963,10562,1,18150,4061300.0,2886300.0,132030.0,173442.98,7253072.98,4061.3,2886.3,132.03,173.44298,7253.072980000001,14556952.105960002,Reusable
2014.92,3828,1819,1971,10517,1,18136,4092800.0,2903900.0,136050.0,173441.54,7306191.54,4092.8,2903.9,136.05,173.44154,7306.19154,14663267.46308,Reusable
2015.0,3830,1816,1967,10469,1,18083,4097900.0,2896000.0,136050.0,173320.84,7303270.84,4097.9,2896.0,136.05,173.32084,7303.27084,14657314.22168,Reusable
2015.09,3827,1820,1961,10677,1,18286,4104700.0,2902900.0,136050.0,174140.8,7317790.8,4104.7,2902.9,136.05,174.14079999999998,7317.7908,14686789.181599999,Reusable
2015.16,3854,1827,1959,10636,1,18277,4124400.0,2916700.0,136050.0,174138.0,7351288.0,4124.4,2916.7,136.05,174.138,7351.288,14753832.576000001,Reusable
2015.25,3851,1827,1955,10632,1,18266,4129700.0,2925300.0,136050.0,176537.99,7367587.99,4129.7,2925.3,136.05,176.53798999999998,7367.58799,14786443.155980002,Reusable
2015.33,3860,1827,1945,10578,1,18211,4134000.0,2926500.0,135220.0,174137.98,7369857.98,4134.0,2926.5,135.22,174.13798,7369.857980000001,14790877.67596,Reusable
2015.42,3860,1828,1946,10549,1,18184,4133500.0,2928600.0,135220.0,174137.95,7371457.95,4133.5,2928.6,135.22,174.13795000000002,7371.45795,14794026.8159,Reusable
2015.5,3886,1831,1946,10525,1,18189,4148000.0,2937500.0,133930.0,174137.95,7393567.95,4148.0,2937.5,133.93,174.13795000000002,7393.567950000001,14838301.035899999,Reusable
2015.58,3891,1831,1948,10505,1,18176,4158500.0,2939100.0,133660.0,174407.25,7405667.25,4158.5,2939.1,133.66,174.40725,7405.66725,14862497.8345,Reusable
2015.67,3922,1839,1949,10492,3,18205,4180600.0,2955200.0,133660.0,174407.24,7443867.24,4180.6,2955.2,133.66,174.40724,7443.8672400000005,14939032.21448,Reusable
2015.75,3953,1842,1953,10474,4,18226,4194400.0,2964400.0,133140.0,174407.23,7466347.23,4194.4,2964.4,133.14,174.40723,7466.34723,14984079.154460002,Reusable
2015.84,3954,1847,1958,10916,4,18679,4205200.0,2977500.0,133140.0,175267.22,7491107.22,4205.2,2977.5,133.14,175.26722,7491.10722,15034554.654439999,Reusable
2015.92,3978,1859,1967,10914,4,18722,4239000.0,3004300.0,132640.0,176487.21,7552427.21,4239.0,3004.3,132.64,176.48721,7552.42721,15157403.27442,Reusable
2016.0,3971,1857,1966,10902,4,18700,4235400.0,3005500.0,133940.0,174646.51,7549486.51,4235.4,3005.5,133.94,174.64651,7549.48651,15151471.993019998,Reusable
2016.09,3978,1861,1960,10890,4,18693,4246100.0,3002800.0,132651.4,174646.51,7556197.91,4246.1,3002.8,132.6514,174.64651,7556.19791,15164894.21582,Reusable
2016.17,3986,1869,1959,10898,4,18716,4268800.0,3024400.0,133881.4,177466.5,7604547.9,4268.8,3024.4,133.88139999999999,177.4665,7604.5479000000005,15261736.895800002,Reusable
2016.25,3994,1867,1960,10895,4,18720,4276200.0,3018500.0,133730.0,177516.5,7605946.5,4276.2,3018.5,133.73,177.5165,7605.9465,15264544.893,Reusable
2016.33,4033,1867,1956,10884,4,18744,4276000.0,3017100.0,133720.0,177516.49,7604336.49,4276.0,3017.1,133.72,177.51649,7604.336490000001,15261369.65298,Reusable
2016.42,4062,1876,1966,10883,4,18791,4301000.0,3040300.0,135480.0,180576.49,7657356.49,4301.0,3040.3,135.48,180.57648999999998,7657.35649,15367609.69298,Reusable
2016.5,4061,1876,1967,10889,4,18797,4311400.0,3040500.0,135480.0,180577.94,7667957.94,4311.4,3040.5,135.48,180.57794,7667.95794,15388845.795880001,Reusable
2016.58,4064,1876,1966,10883,4,18793,4314200.0,3039500.0,135470.7,180577.92,7669748.62,4314.2,3039.5,135.47070000000002,180.57792,7669.74862,15392422.737239998,Reusable
2016.67,4077,1880,1977,10890,4,18828,4318600.0,3048100.0,135482.8,182747.92,7684930.72,4318.6,3048.1,135.4828,182.74792000000002,7684.930719999999,15422887.301439999,Reusable
2016.75,4080,1877,1976,10881,4,18818,4332700.0,3042900.0,135992.8,182688.65,7694281.45,4332.7,3042.9,135.9928,182.68865,7694.28145,15441587.4629,Reusable
2016.84,4091,1882,1979,10872,4,18828,4340600.0,3058500.0,135992.8,182688.63,7717781.43,4340.6,3058.5,135.9928,182.68863000000002,7717.78143,15488654.422859998,Reusable
2016.92,4113,1888,1978,10868,4,18851,4360700.0,3071100.0,135992.1,182688.63,7750480.7299999995,4360.7,3071.1,135.9921,182.68863000000002,7750.480729999999,15554164.421459999,Reusable
2017.0,4137,1891,1973,10862,4,18867,4371100.0,3094000.0,135990.7,182688.63,7783779.33,4371.1,3094.0,135.9907,182.68863000000002,7783.77933,15620860.21866,Reusable
2017.09,4242,1892,1974,10857,4,18969,4380600.0,3097400.0,139370.7,182688.63,7800059.33,4380.6,3097.4,139.3707,182.68863000000002,7800.05933,15653656.77866,Reusable
2017.16,4250,1896,1975,10850,4,18975,4383400.0,3126200.0,135973.7564,182688.63,7828262.3864,4383.4,3126.2,135.9737564,182.68863000000002,7828.2623864,15710131.2975728,Reusable
2017.25,4253,1895,1977,10842,4,18971,4398900.0,3131400.0,135173.7564,182688.63,7848162.3864,4398.9,3131.4,135.1737564,182.68863000000002,7848.1623864,15749963.097572802,Reusable
2017.33,4290,1897,1971,10833,4,18995,4405000.0,3126400.0,132604.0377,182688.63,7846692.6677,4405.0,3126.4,132.6040377,182.68863000000002,7846.6926677,15747068.7207354,Reusable
2017.42,4346,1904,1977,10825,4,19056,4443800.0,3146100.0,135004.0377,182688.63,7907592.6677,4443.8,3146.1,135.0040377,182.68863000000002,7907.5926677,15869112.520735402,Reusable
2017.5,4412,1904,1976,10822,13,19127,4445900.0,3149100.0,134904.0377,182688.62,7912592.6577,4445.9,3149.1,134.90403769999998,182.68862,7912.5926577,15879264.5007154,Reusable
2017.58,4422,1905,1987,10813,13,19140,4450400.0,3134000.0,136454.0377,182688.62,7903542.6577,4450.4,3134.0,136.4540377,182.68862,7903.542657700001,15861172.4007154,Reusable
2017.67,4436,1909,1987,10820,13,19165,4480200.0,3143700.0,139374.0377,182748.62,7946022.6577,4480.2,3143.7,139.37403769999997,182.74862,7946.0226577,15946267.360715399,Reusable
2017.75,4456,1913,1986,10816,13,19184,4484300.0,3155900.0,138094.0377,182748.62,7961042.6577,4484.3,3155.9,138.09403769999997,182.74862,7961.042657700001,15976375.400715401,Reusable
2017.84,4489,1916,1988,10813,13,19219,4496500.0,3158000.0,138090.7,182747.92,7975338.62,4496.5,3158.0,138.0907,182.74792000000002,7975.33862,16005065.917240001,Reusable
2017.92,4511,1923,2000,10809,13,19256,4533100.0,3182300.0,144690.7,182747.95,8042838.65,4533.1,3182.3,144.69070000000002,182.74795,8042.838650000001,16140274.977300001,Reusable
2018.0,4555,1933,2008,10803,18,19317,4540700.0,3202300.0,142170.7,182747.95,8067918.65,4540.7,3202.3,142.1707,182.74795,8067.9186500000005,16190607.137300001,Reusable
2018.09,4576,1937,2011,10825,18,19367,4546900.0,3205400.0,141836.051,184977.95,8079114.001,4546.9,3205.4,141.836051,184.97795000000002,8079.114001,16213120.230002,Reusable
2018.16,4594,1942,2018,10816,18,19388,4567000.0,3216300.0,141076.051,184977.95,8109354.001,4567.0,3216.3,141.076051,184.97795000000002,8109.354001000001,16273702.710002001,Reusable
2018.25,4602,1945,2030,10808,18,19403,4588500.0,3220500.0,143606.051,184977.95,8137584.001,4588.5,3220.5,143.606051,184.97795000000002,8137.584001,16330249.170001999,Reusable
2018.33,4607,1948,2024,10827,18,19424,4582200.0,3230700.0,141636.051,185037.25,8139573.301,4582.2,3230.7,141.636051,185.03725,8139.573301,16334273.748601997,Reusable
2018.42,4609,1954,2033,10822,18,19436,4597300.0,3249300.0,141796.279,185037.25,8173433.529,4597.3,3249.3,141.796279,185.03725,8173.433529,16402085.925058002,Reusable
2018.5,4630,1959,2037,10816,21,19463,4614600.0,3267600.0,141805.579,185037.25,8209042.829,4614.6,3267.6,141.805579,185.03725,8209.042829,16473429.743657997,Reusable
2018.58,4631,1958,2032,10930,25,19576,4615200.0,3269700.0,141536.279,188216.55,8214652.829,4615.2,3269.7,141.536279,188.21654999999998,8214.652829,16484886.963658,Reusable
2018.67,4637,1964,2026,10924,27,19578,4626800.0,3285600.0,142156.095,188216.54,8242772.635,4626.8,3285.6,142.156095,188.21654,8242.772635,16541186.81527,Reusable
2018.75,4645,1969,2032,10921,33,19600,4642000.0,3297200.0,142536.095,188216.54,8269952.635,4642.0,3297.2,142.536095,188.21654,8269.952635,16595645.175269999,Reusable
2018.84,4691,1979,2033,10916,37,19656,4656700.0,3316900.0,145436.095,188216.54,8307252.635,4656.7,3316.9,145.436095,188.21654,8307.252634999999,16670431.775269998,Reusable
2018.92,4786,1985,2036,10925,70,19802,4674600.0,3329000.0,146647.49,188266.54,8338514.03,4674.6,3329.0,146.64749,188.26654000000002,8338.51403,16733309.08806,Reusable
2019.0,4811,1986,2031,10918,69,19815,4693000.0,3330900.0,146646.09,188266.54,8358812.63,4693.0,3330.9,146.64609,188.26654000000002,8358.81263,16773972.885259999,Reusable
2019.09,4816,1982,2031,10920,69,19818,4689700.0,3326800.0,147276.09,188267.03,8352043.12,4689.7,3326.8,147.27609,188.26703,8352.04312,16760426.32624,Reusable
2019.16,4813,1984,2032,11041,69,19939,4705600.0,3328700.0,147276.09,189007.02,8370583.109999999,4705.6,3328.7,147.27609,189.00701999999998,8370.58311,16797785.38622,Reusable
2019.25,4846,1985,2030,11252,69,20182,4718000.0,3330900.0,147515.17,191246.32,8387661.49,4718.0,3330.9,147.51517,191.24632,8387.66149,16832462.302980002,Reusable
2019.33,4909,1982,2041,11223,69,20224,4743000.0,3317900.0,149074.66,192886.32,8402860.98,4743.0,3317.9,149.07466,192.88632,8402.860980000001,16862975.681959998,Reusable
2019.42,4941,1984,2047,11194,79,20245,4756900.0,3322400.0,147804.66,192886.32,8419990.98,4756.9,3322.4,147.80466,192.88632,8419.99098,16897311.941959996,Reusable
2019.5,4978,1988,2057,11196,84,20303,4765800.0,3332800.0,146104.66,194606.32,8439310.98,4765.8,3332.8,146.10466,194.60632,8439.31098,16936106.581960004,Reusable
2019.58,4988,1993,2057,11205,87,20330,4791400.0,3339600.0,147975.36,193916.32,8472891.68,4791.4,3339.6,147.97536,193.91632,8472.891679999999,17003389.143359996,Reusable
2019.67,4998,1996,2054,11190,87,20325,4806000.0,3347300.0,147694.66,193916.32,8494910.98,4806.0,3347.3,147.69466,193.91632,8494.91098,17047461.781960003,Reusable
2019.75,5000,2000,2054,11177,87,20318,4809500.0,3348700.0,148924.66,193976.22,8501100.88,4809.5,3348.7,148.92466000000002,193.97622,8501.10088,17059839.961760003,Reusable
2019.84,5103,2008,2059,11166,91,20427,4842000.0,3359100.0,149630.97,193975.52,8544706.49,4842.0,3359.1,149.63097,193.97552,8544.70649,17147356.392980002,Reusable
2019.92,5133,2017,2058,11213,112,20533,4865200.0,3372400.0,148730.97,194035.52,8580366.49,4865.2,3372.4,148.73097,194.03552,8580.36649,17218959.712979995,Reusable
2020.0,5257,2017,2065,11227,112,20678,4885400.0,3371500.0,149390.97,194535.52,8600826.49,4885.4,3371.5,149.39097,194.53552,8600.82649,17260210.632979997,Reusable
2020.09,5366,2019,2061,11327,114,20887,4911800.0,3383100.0,149500.97,195935.52,8640336.49,4911.8,3383.1,149.50097,195.93552,8640.33649,17339727.652980004,Reusable
2020.17,5463,2020,2063,11319,114,20979,4940900.0,3389500.0,149120.97,195935.44,8675456.41,4940.9,3389.5,149.12097,195.93544,8675.45641,17410221.732819997,Reusable
2020.25,5526,2018,2052,11313,114,21023,4965900.0,3385600.0,148870.97,195934.64,8696305.610000001,4965.9,3385.6,148.87097,195.93464,8696.305610000001,17452049.831220005,Reusable
2020.33,5529,2017,2055,11656,113,21370,4996100.0,3381300.0,149460.97,195934.64,8722795.610000001,4996.1,3381.3,149.46097,195.93464,8722.795610000001,17505776.811220005,Reusable
2020.42,5656,2020,2061,11649,113,21499,5006600.0,3384500.0,149090.97,195934.64,8736125.610000001,5006.6,3384.5,149.09097,195.93464,8736.125610000001,17532721.471220005,Reusable
2020.5,5673,2028,2058,11753,113,21625,5027300.0,3398600.0,150290.97,195974.64,8772165.610000001,5027.3,3398.6,150.29097,195.97464000000002,8772.165610000002,17605125.551220007,Reusable
2020.58,5803,2025,2060,11884,113,21885,5059800.0,3396600.0,150910.97,197873.94,8805184.91,5059.8,3396.6,150.91097,197.87394,8805.18491,17671750.18982,Reusable
2020.67,5949,2027,2075,11879,112,22042,5079900.0,3402200.0,151370.97,197873.84,8831344.81,5079.9,3402.2,151.37097,197.87384,8831.34481,17724436.30962,Reusable
2020.75,6116,2034,2076,11858,110,22194,5126700.0,3419200.0,150740.97,197873.84,8894514.81,5126.7,3419.2,150.74097,197.87384,8894.51481,17851206.64962,Reusable
2020.84,6221,2037,2079,11834,113,22284,5150400.0,3417400.0,150750.97,196153.84,8914704.81,5150.4,3417.4,150.75097,196.15384,8914.704810000001,17891807.02962,Reusable
2020.92,6274,2039,2066,11796,112,22287,5182400.0,3420800.0,151960.97,196153.84,8951314.81,5182.4,3420.8,151.96097,196.15384,8951.31481,17965106.24962,Reusable
2021.0,6476,2039,2067,11768,126,22476,5210000.0,3423300.0,151250.97,193093.73,8977644.700000001,5210.0,3423.3,151.25097,193.09373000000002,8977.6447,18018196.6894,Reusable
2021.09,6621,2041,2067,11753,133,22615,5250100.0,3426900.0,149704.56,193093.73,9019798.290000001,5250.1,3426.9,149.70456,193.09373000000002,9019.79829,18102866.17658,Reusable
2021.16,6932,2041,2077,11892,153,23095,5310700.0,3425300.0,151814.56,194563.73,9082378.290000001,5310.7,3425.3,151.81456,194.56373000000002,9082.37829,18229111.336580005,Reusable
2021.25,7090,2041,2072,11873,163,23239,5433000.0,3426200.0,151811.95,192843.73,9203855.68,5433.0,3426.2,151.81195000000002,192.84373000000002,9203.85568,18472597.071359996,Reusable
2021.33,7355,2040,2080,11862,162,23499,5496300.0,3423700.0,151811.95,192843.73,9264655.68,5496.3,3423.7,151.81195000000002,192.84373000000002,9264.65568,18594838.671359997,Reusable
2021.42,7465,2047,2081,11853,166,23612,5527000.0,3438200.0,151291.39,192843.72,9309335.110000001,5527.0,3438.2,151.29139,192.84372,9309.335110000002,18684512.890220005,Reusable
2021.5,7508,2049,2059,11853,174,23643,5567400.0,3451500.0,151285.64,192843.02,9363028.66,5567.4,3451.5,151.28564,192.84302,9363.02866,18792069.37732,Reusable
2021.58,7542,2048,2059,11839,173,23661,5583300.0,3442000.0,151275.64,192842.32,9369417.96,5583.3,3442.0,151.27564,192.84232,9369.41796,18804896.75592,Reusable
2021.67,7623,2051,2063,11827,174,23738,5626000.0,3445100.0,151260.47,192842.32,9415202.790000001,5626.0,3445.1,151.26047,192.84232,9415.202790000001,18896711.98558,Reusable
2021.75,7660,2055,2063,11843,184,23805,5643600.0,3456700.0,151260.47,192892.32,9444452.790000001,5643.6,3456.7,151.26047,192.89232,9444.452790000001,18955404.48558,Reusable
2021.84,7714,2061,2062,13677,186,25700,5674200.0,3460400.0,151270.47,194862.31,9480732.780000001,5674.2,3460.4,151.27047,194.86231,9480.732780000002,19031827.02556,Reusable
2021.92,7866,2067,2071,13665,187,25856,5741500.0,3470700.0,148690.47,194862.3,9555752.770000001,5741.5,3470.7,148.69047,194.86229999999998,9555.752770000001,19182329.04554,Reusable
2022.0,8046,2065,2075,13600,196,25982,5753600.0,3473500.0,148170.47,194862.3,9570132.770000001,5753.6,3473.5,148.17047,194.86229999999998,9570.132770000002,19211369.805540003,Reusable
2022.09,8171,2066,2080,13458,219,25994,5777600.0,3472300.0,147650.47,194862.3,9592412.770000001,5777.6,3472.3,147.65047,194.86229999999998,9592.41277,19255998.365540005,Reusable
2022.16,8331,2069,2074,13292,229,25995,5830600.0,3476600.0,147610.47,194862.3,9649672.770000001,5830.6,3476.6,147.61047,194.86229999999998,9649.672770000001,19370634.88554001,Reusable
2022.25,8467,2070,2082,13072,229,25920,5885400.0,3475900.0,147480.47,194912.3,9703692.770000001,5885.4,3475.9,147.48047,194.9123,9703.692770000001,19478632.925540004,Reusable
2022.33,8716,2067,2067,12793,244,25887,5948700.0,3474800.0,146110.47,194912.3,9764522.770000001,5948.7,3474.8,146.11047,194.9123,9764.522770000001,19600348.585540004,Reusable
2022.42,8791,2070,2073,12599,241,25774,5974000.0,3488900.0,145780.47,194912.25,9803592.72,5974.0,3488.9,145.78047,194.91225,9803.59272,19678340.625439998,Reusable
2022.5,9050,2076,2075,12478,247,25926,6075100.0,3497900.0,145708.25,194961.55,9913669.8,6075.1,3497.9,145.70825,194.96155,9913.669800000001,19899018.939600002,Reusable
2022.58,9296,2082,2080,12363,285,26106,6145300.0,3510100.0,144390.0,194961.36,9994751.36,6145.3,3510.1,144.39,194.96135999999998,9994.75136,20061704.22272,Reusable
2022.67,9487,2090,2082,12256,290,26205,6225300.0,3525500.0,143880.0,194961.36,10089641.36,6225.3,3525.5,143.88,194.96135999999998,10089.64136,20251872.00272,Reusable
2022.75,9688,2105,2072,12151,293,26309,6325100.0,3554700.0,144360.0,194950.65,10219110.65,6325.1,3554.7,144.36,194.95065,10219.11065,20511277.5213,Reusable
2022.84,9698,2111,2054,12860,300,27023,6377600.0,3579100.0,144170.0,195359.8,10296229.8,6377.6,3579.1,144.17,195.35979999999998,10296.229800000001,20667098.059600007,Reusable
2022.92,9822,2109,2045,12760,310,27046,6416500.0,3576200.0,144170.0,195348.39,10332218.39,6416.5,3576.2,144.17,195.34839000000002,10332.21839,20739193.216780003,Reusable
2023.0,10096,2114,2049,12712,330,27301,6469800.0,3583500.0,144770.0,195347.65,10393417.65,6469.8,3583.5,144.77,195.34765,10393.417650000001,20862224.1353,Reusable
2023.09,10217,2119,2045,12633,329,27343,6542300.0,3599700.0,140590.0,194096.93,10476686.93,6542.3,3599.7,140.59,194.09693,10476.68693,21029013.23386,Reusable
2023.16,10463,2125,2049,12517,333,27487,6627100.0,3603900.0,147190.0,194146.19,10572336.19,6627.1,3603.9,147.19,194.14619,10572.33619,21220791.05238,Reusable
2023.25,10540,2119,2018,12368,334,27379,6645100.0,3596700.0,146940.0,194145.49,10582885.49,6645.1,3596.7,146.94,194.14549,10582.88549,21241694.75098,Reusable
2023.33,10735,2126,2020,12209,340,27430,6755400.0,3620300.0,146850.0,194144.72,10716694.72,6755.4,3620.3,146.85,194.14472,10716.694720000001,21509682.82944,Reusable
2023.42,10929,2120,2021,12123,458,27651,6811300.0,3601800.0,145830.0,194364.02,10753294.02,6811.3,3601.8,145.83,194.36401999999998,10753.29402,21583396.62804,Reusable
2023.5,11095,2121,2004,12066,470,27756,6878600.0,3598300.0,146270.0,194364.0,10817534.0,6878.6,3598.3,146.27,194.364,10817.534,21712215.068000004,Reusable
2023.58,11212,2130,1989,12007,471,27809,6984400.0,3619100.0,147740.0,194364.0,10945604.0,6984.4,3619.1,147.74,194.364,10945.604,21968717.207999997,Reusable
2023.67,11410,2132,1980,11947,469,27938,7130400.0,3623500.0,145060.0,194363.21,11093323.21,7130.4,3623.5,145.06,194.36320999999998,11093.32321,22264709.06642,Reusable
2023.75,11575,2128,1979,11901,466,28049,7228200.0,3633900.0,141660.0,193112.51,11196872.51,7228.2,3633.9,141.66,193.11251000000001,11196.87251,22472236.765019998,Reusable
2023.84,11747,2128,1969,11839,479,28162,7329000.0,3640000.0,142510.0,193111.79,11304621.79,7329.0,3640.0,142.51,193.11179,11304.62179,22688176.82358,Reusable
2023.92,11881,2132,1962,11792,496,28263,7439400.0,3652200.0,142490.0,193111.79,11427201.79,7439.4,3652.2,142.49,193.11179,11427.20179,22933783.983579997,Reusable
2024.0,12011,2134,1958,11743,499,28345,7560800.0,3647900.0,143370.0,193111.08,11545181.08,7560.8,3647.9,143.37,193.11108,11545.18108,23170142.522159997,Reusable
2024.09,12108,2135,1941,11675,520,28379,7640300.0,3665000.0,141660.0,193060.38,11640020.38,7640.3,3665.0,141.66,193.06038,11640.02038,23360078.800760005,Reusable
2024.17,12283,2139,1932,11642,532,28528,7786300.0,3665900.0,141360.0,193060.38,11786620.38,7786.3,3665.9,141.36,193.06038,11786.62038,23653870.00076,Reusable
2024.25,12445,2135,1927,11593,537,28637,7925600.0,3655300.0,137900.0,195449.68,11914249.68,7925.6,3655.3,137.9,195.44968,11914.249679999999,23909601.859360002,Reusable
2024.33,12640,2128,1916,11526,552,28762,8076100.0,3637900.0,137900.0,195448.98,12047348.98,8076.1,3637.9,137.9,195.44898,12047.34898,24176316.657959998,Reusable
2024.42,12752,2130,1903,11498,548,28831,8203400.0,3640400.0,134920.0,201338.28,12180058.28,8203.4,3640.4,134.92,201.33828,12180.05828,24442138.676559996,Reusable
2024.5,12784,2123,1897,11445,544,28793,8265200.0,3626000.0,134920.0,201336.88,12227456.88,8265.2,3626.0,134.92,201.33688,12227.456880000002,24536954.67376,Reusable
2024.58,13032,2128,1888,12064,563,29675,8385700.0,3629000.0,134910.0,202536.84,12352146.84,8385.7,3629.0,134.91,202.53683999999998,12352.14684,24788347.973679997,Reusable
2024.67,13046,2124,1895,12015,572,29652,8468800.0,3620900.0,136390.0,204746.83,12430836.83,8468.8,3620.9,136.39,204.74683,12430.83683,24945839.333660003,Reusable
2024.75,13151,2129,1890,11972,563,29705,8557300.0,3634300.0,134910.0,208166.12,12534676.12,8557.3,3634.3,134.91,208.16612,12534.67612,25153831.592240002,Reusable
2024.84,13357,2137,1889,11900,629,29912,8760500.0,3654500.0,134910.0,206365.42,12756275.42,8760.5,3654.5,134.91,206.36542,12756.27542,25597887.390839998,Reusable
2024.92,13449,2136,1877,11791,621,29874,8844400.0,3649500.0,133430.0,200464.71,12827794.71,8844.4,3649.5,133.43,200.46471,12827.79471,25740993.00942,Reusable
